path,source,duration,split
noise/esc50_00000.wav,noise,1.0,train
noise/esc50_00001.wav,noise,1.0,train
noise/esc50_00002.wav,noise,1.0,train
noise/esc50_00003.wav,noise,1.0,train
noise/esc50_00004.wav,noise,1.0,train
noise/esc50_00005.wav,noise,1.0,train
noise/esc50_00006.wav,noise,1.0,train
noise/esc50_00007.wav,noise,1.0,train
noise/esc50_00008.wav,noise,1.0,train
noise/esc50_00009.wav,noise,1.0,train
noise/esc50_00010.wav,noise,1.0,train
noise/esc50_00011.wav,noise,1.0,train
noise/esc50_00012.wav,noise,1.0,train
noise/esc50_00013.wav,noise,1.0,train
noise/esc50_00014.wav,noise,1.0,train
noise/esc50_00015.wav,noise,1.0,train
noise/esc50_00016.wav,noise,1.0,train
noise/esc50_00017.wav,noise,1.0,train
noise/esc50_00018.wav,noise,1.0,train
noise/esc50_00019.wav,noise,1.0,train
noise/esc50_00020.wav,noise,1.0,train
noise/esc50_00021.wav,noise,1.0,train
noise/esc50_00022.wav,noise,1.0,train
noise/esc50_00023.wav,noise,1.0,train
noise/esc50_00024.wav,noise,1.0,train
noise/esc50_00025.wav,noise,1.0,train
noise/esc50_00026.wav,noise,1.0,train
noise/esc50_00027.wav,noise,1.0,train
noise/esc50_00028.wav,noise,1.0,train
noise/esc50_00029.wav,noise,1.0,train
noise/esc50_00030.wav,noise,1.0,train
noise/esc50_00031.wav,noise,1.0,train
noise/esc50_00032.wav,noise,1.0,train
noise/esc50_00033.wav,noise,1.0,train
noise/esc50_00034.wav,noise,1.0,train
noise/esc50_00035.wav,noise,1.0,train
noise/esc50_00036.wav,noise,1.0,train
noise/esc50_00037.wav,noise,1.0,train
noise/esc50_00038.wav,noise,1.0,train
noise/esc50_00039.wav,noise,1.0,train
noise/esc50_00040.wav,noise,1.0,train
noise/esc50_00041.wav,noise,1.0,train
noise/esc50_00042.wav,noise,1.0,train
noise/esc50_00043.wav,noise,1.0,train
noise/esc50_00044.wav,noise,1.0,train
noise/esc50_00045.wav,noise,1.0,train
noise/esc50_00046.wav,noise,1.0,train
noise/esc50_00047.wav,noise,1.0,train
noise/esc50_00048.wav,noise,1.0,train
noise/esc50_00049.wav,noise,1.0,train
noise/esc50_00050.wav,noise,1.0,train
noise/esc50_00051.wav,noise,1.0,train
noise/esc50_00052.wav,noise,1.0,train
noise/esc50_00053.wav,noise,1.0,train
noise/esc50_00054.wav,noise,1.0,train
noise/esc50_00055.wav,noise,1.0,train
noise/esc50_00056.wav,noise,1.0,train
noise/esc50_00057.wav,noise,1.0,train
noise/esc50_00058.wav,noise,1.0,train
noise/esc50_00059.wav,noise,1.0,train
noise/esc50_00060.wav,noise,1.0,train
noise/esc50_00061.wav,noise,1.0,train
noise/esc50_00062.wav,noise,1.0,train
noise/esc50_00063.wav,noise,1.0,train
noise/esc50_00064.wav,noise,1.0,train
noise/esc50_00065.wav,noise,1.0,train
noise/esc50_00066.wav,noise,1.0,train
noise/esc50_00067.wav,noise,1.0,train
noise/esc50_00068.wav,noise,1.0,train
noise/esc50_00069.wav,noise,1.0,train
noise/esc50_00070.wav,noise,1.0,train
noise/esc50_00071.wav,noise,1.0,train
noise/esc50_00072.wav,noise,1.0,train
noise/esc50_00073.wav,noise,1.0,train
noise/esc50_00074.wav,noise,1.0,train
noise/esc50_00075.wav,noise,1.0,train
noise/esc50_00076.wav,noise,1.0,train
noise/esc50_00077.wav,noise,1.0,train
noise/esc50_00078.wav,noise,1.0,train
noise/esc50_00079.wav,noise,1.0,train
noise/esc50_00080.wav,noise,1.0,train
noise/esc50_00081.wav,noise,1.0,train
noise/esc50_00082.wav,noise,1.0,train
noise/esc50_00083.wav,noise,1.0,train
noise/esc50_00084.wav,noise,1.0,train
noise/esc50_00085.wav,noise,1.0,train
noise/esc50_00086.wav,noise,1.0,train
noise/esc50_00087.wav,noise,1.0,train
noise/esc50_00088.wav,noise,1.0,train
noise/esc50_00089.wav,noise,1.0,train
noise/esc50_00090.wav,noise,1.0,train
noise/esc50_00091.wav,noise,1.0,train
noise/esc50_00092.wav,noise,1.0,train
noise/esc50_00093.wav,noise,1.0,train
noise/esc50_00094.wav,noise,1.0,train
noise/esc50_00095.wav,noise,1.0,train
noise/esc50_00096.wav,noise,1.0,train
noise/esc50_00097.wav,noise,1.0,train
noise/esc50_00098.wav,noise,1.0,train
noise/esc50_00099.wav,noise,1.0,train
noise/esc50_00100.wav,noise,1.0,train
noise/esc50_00101.wav,noise,1.0,train
noise/esc50_00102.wav,noise,1.0,train
noise/esc50_00103.wav,noise,1.0,train
noise/esc50_00104.wav,noise,1.0,train
noise/esc50_00105.wav,noise,1.0,train
noise/esc50_00106.wav,noise,1.0,train
noise/esc50_00107.wav,noise,1.0,train
noise/esc50_00108.wav,noise,1.0,train
noise/esc50_00109.wav,noise,1.0,train
noise/esc50_00110.wav,noise,1.0,train
noise/esc50_00111.wav,noise,1.0,train
noise/esc50_00112.wav,noise,1.0,train
noise/esc50_00113.wav,noise,1.0,train
noise/esc50_00114.wav,noise,1.0,train
noise/esc50_00115.wav,noise,1.0,train
noise/esc50_00116.wav,noise,1.0,train
noise/esc50_00117.wav,noise,1.0,train
noise/esc50_00118.wav,noise,1.0,train
noise/esc50_00119.wav,noise,1.0,train
noise/esc50_00120.wav,noise,1.0,train
noise/esc50_00121.wav,noise,1.0,train
noise/esc50_00122.wav,noise,1.0,train
noise/esc50_00123.wav,noise,1.0,train
noise/esc50_00124.wav,noise,1.0,train
noise/esc50_00125.wav,noise,1.0,train
noise/esc50_00126.wav,noise,1.0,train
noise/esc50_00127.wav,noise,1.0,train
noise/esc50_00128.wav,noise,1.0,train
noise/esc50_00129.wav,noise,1.0,train
noise/esc50_00130.wav,noise,1.0,train
noise/esc50_00131.wav,noise,1.0,train
noise/esc50_00132.wav,noise,1.0,train
noise/esc50_00133.wav,noise,1.0,train
noise/esc50_00134.wav,noise,1.0,train
noise/esc50_00135.wav,noise,1.0,train
noise/esc50_00136.wav,noise,1.0,train
noise/esc50_00137.wav,noise,1.0,train
noise/esc50_00138.wav,noise,1.0,train
noise/esc50_00139.wav,noise,1.0,train
noise/esc50_00140.wav,noise,1.0,train
noise/esc50_00141.wav,noise,1.0,train
noise/esc50_00142.wav,noise,1.0,train
noise/esc50_00143.wav,noise,1.0,train
noise/esc50_00144.wav,noise,1.0,train
noise/esc50_00145.wav,noise,1.0,train
noise/esc50_00146.wav,noise,1.0,train
noise/esc50_00147.wav,noise,1.0,train
noise/esc50_00148.wav,noise,1.0,train
noise/esc50_00149.wav,noise,1.0,train
noise/esc50_00150.wav,noise,1.0,train
noise/esc50_00151.wav,noise,1.0,train
noise/esc50_00152.wav,noise,1.0,train
noise/esc50_00153.wav,noise,1.0,train
noise/esc50_00154.wav,noise,1.0,train
noise/esc50_00155.wav,noise,1.0,train
noise/esc50_00156.wav,noise,1.0,train
noise/esc50_00157.wav,noise,1.0,train
noise/esc50_00158.wav,noise,1.0,train
noise/esc50_00159.wav,noise,1.0,train
noise/esc50_00160.wav,noise,1.0,train
noise/esc50_00161.wav,noise,1.0,train
noise/esc50_00162.wav,noise,1.0,train
noise/esc50_00163.wav,noise,1.0,train
noise/esc50_00164.wav,noise,1.0,train
noise/esc50_00165.wav,noise,1.0,train
noise/esc50_00166.wav,noise,1.0,train
noise/esc50_00167.wav,noise,1.0,train
noise/esc50_00168.wav,noise,1.0,train
noise/esc50_00169.wav,noise,1.0,train
noise/esc50_00170.wav,noise,1.0,train
noise/esc50_00171.wav,noise,1.0,train
noise/esc50_00172.wav,noise,1.0,train
noise/esc50_00173.wav,noise,1.0,train
noise/esc50_00174.wav,noise,1.0,train
noise/esc50_00175.wav,noise,1.0,train
noise/esc50_00176.wav,noise,1.0,train
noise/esc50_00177.wav,noise,1.0,train
noise/esc50_00178.wav,noise,1.0,train
noise/esc50_00179.wav,noise,1.0,train
noise/esc50_00180.wav,noise,1.0,train
noise/esc50_00181.wav,noise,1.0,train
noise/esc50_00182.wav,noise,1.0,train
noise/esc50_00183.wav,noise,1.0,train
noise/esc50_00184.wav,noise,1.0,train
noise/esc50_00185.wav,noise,1.0,train
noise/esc50_00186.wav,noise,1.0,train
noise/esc50_00187.wav,noise,1.0,train
noise/esc50_00188.wav,noise,1.0,train
noise/esc50_00189.wav,noise,1.0,train
noise/esc50_00190.wav,noise,1.0,train
noise/esc50_00191.wav,noise,1.0,train
noise/esc50_00192.wav,noise,1.0,train
noise/esc50_00193.wav,noise,1.0,train
noise/esc50_00194.wav,noise,1.0,train
noise/esc50_00195.wav,noise,1.0,train
noise/esc50_00196.wav,noise,1.0,train
noise/esc50_00197.wav,noise,1.0,train
noise/esc50_00198.wav,noise,1.0,train
noise/esc50_00199.wav,noise,1.0,train
noise/esc50_00200.wav,noise,1.0,train
noise/esc50_00201.wav,noise,1.0,train
noise/esc50_00202.wav,noise,1.0,train
noise/esc50_00203.wav,noise,1.0,train
noise/esc50_00204.wav,noise,1.0,train
noise/esc50_00205.wav,noise,1.0,train
noise/esc50_00206.wav,noise,1.0,train
noise/esc50_00207.wav,noise,1.0,train
noise/esc50_00208.wav,noise,1.0,train
noise/esc50_00209.wav,noise,1.0,train
noise/esc50_00210.wav,noise,1.0,train
noise/esc50_00211.wav,noise,1.0,train
noise/esc50_00212.wav,noise,1.0,train
noise/esc50_00213.wav,noise,1.0,train
noise/esc50_00214.wav,noise,1.0,train
noise/esc50_00215.wav,noise,1.0,train
noise/esc50_00216.wav,noise,1.0,train
noise/esc50_00217.wav,noise,1.0,train
noise/esc50_00218.wav,noise,1.0,train
noise/esc50_00219.wav,noise,1.0,train
noise/esc50_00220.wav,noise,1.0,train
noise/esc50_00221.wav,noise,1.0,train
noise/esc50_00222.wav,noise,1.0,train
noise/esc50_00223.wav,noise,1.0,train
noise/esc50_00224.wav,noise,1.0,train
noise/esc50_00225.wav,noise,1.0,train
noise/esc50_00226.wav,noise,1.0,train
noise/esc50_00227.wav,noise,1.0,train
noise/esc50_00228.wav,noise,1.0,train
noise/esc50_00229.wav,noise,1.0,train
noise/esc50_00230.wav,noise,1.0,train
noise/esc50_00231.wav,noise,1.0,train
noise/esc50_00232.wav,noise,1.0,train
noise/esc50_00233.wav,noise,1.0,train
noise/esc50_00234.wav,noise,1.0,train
noise/esc50_00235.wav,noise,1.0,train
noise/esc50_00236.wav,noise,1.0,train
noise/esc50_00237.wav,noise,1.0,train
noise/esc50_00238.wav,noise,1.0,train
noise/esc50_00239.wav,noise,1.0,train
noise/esc50_00240.wav,noise,1.0,train
noise/esc50_00241.wav,noise,1.0,train
noise/esc50_00242.wav,noise,1.0,train
noise/esc50_00243.wav,noise,1.0,train
noise/esc50_00244.wav,noise,1.0,train
noise/esc50_00245.wav,noise,1.0,train
noise/esc50_00246.wav,noise,1.0,train
noise/esc50_00247.wav,noise,1.0,train
noise/esc50_00248.wav,noise,1.0,train
noise/esc50_00249.wav,noise,1.0,train
noise/esc50_00250.wav,noise,1.0,train
noise/esc50_00251.wav,noise,1.0,train
noise/esc50_00252.wav,noise,1.0,train
noise/esc50_00253.wav,noise,1.0,train
noise/esc50_00254.wav,noise,1.0,train
noise/esc50_00255.wav,noise,1.0,train
noise/esc50_00256.wav,noise,1.0,train
noise/esc50_00257.wav,noise,1.0,train
noise/esc50_00258.wav,noise,1.0,train
noise/esc50_00259.wav,noise,1.0,train
noise/esc50_00260.wav,noise,1.0,train
noise/esc50_00261.wav,noise,1.0,train
noise/esc50_00262.wav,noise,1.0,train
noise/esc50_00263.wav,noise,1.0,train
noise/esc50_00264.wav,noise,1.0,train
noise/esc50_00265.wav,noise,1.0,train
noise/esc50_00266.wav,noise,1.0,train
noise/esc50_00267.wav,noise,1.0,train
noise/esc50_00268.wav,noise,1.0,train
noise/esc50_00269.wav,noise,1.0,train
noise/esc50_00270.wav,noise,1.0,train
noise/esc50_00271.wav,noise,1.0,train
noise/esc50_00272.wav,noise,1.0,train
noise/esc50_00273.wav,noise,1.0,train
noise/esc50_00274.wav,noise,1.0,train
noise/esc50_00275.wav,noise,1.0,train
noise/esc50_00276.wav,noise,1.0,train
noise/esc50_00277.wav,noise,1.0,train
noise/esc50_00278.wav,noise,1.0,train
noise/esc50_00279.wav,noise,1.0,train
noise/esc50_00280.wav,noise,1.0,train
noise/esc50_00281.wav,noise,1.0,train
noise/esc50_00282.wav,noise,1.0,train
noise/esc50_00283.wav,noise,1.0,train
noise/esc50_00284.wav,noise,1.0,train
noise/esc50_00285.wav,noise,1.0,train
noise/esc50_00286.wav,noise,1.0,train
noise/esc50_00287.wav,noise,1.0,train
noise/esc50_00288.wav,noise,1.0,train
noise/esc50_00289.wav,noise,1.0,train
noise/esc50_00290.wav,noise,1.0,train
noise/esc50_00291.wav,noise,1.0,train
noise/esc50_00292.wav,noise,1.0,train
noise/esc50_00293.wav,noise,1.0,train
noise/esc50_00294.wav,noise,1.0,train
noise/esc50_00295.wav,noise,1.0,train
noise/esc50_00296.wav,noise,1.0,train
noise/esc50_00297.wav,noise,1.0,train
noise/esc50_00298.wav,noise,1.0,train
noise/esc50_00299.wav,noise,1.0,train
noise/esc50_00300.wav,noise,1.0,train
noise/esc50_00301.wav,noise,1.0,train
noise/esc50_00302.wav,noise,1.0,train
noise/esc50_00303.wav,noise,1.0,train
noise/esc50_00304.wav,noise,1.0,train
noise/esc50_00305.wav,noise,1.0,train
noise/esc50_00306.wav,noise,1.0,train
noise/esc50_00307.wav,noise,1.0,train
noise/esc50_00308.wav,noise,1.0,train
noise/esc50_00309.wav,noise,1.0,train
noise/esc50_00310.wav,noise,1.0,train
noise/esc50_00311.wav,noise,1.0,train
noise/esc50_00312.wav,noise,1.0,train
noise/esc50_00313.wav,noise,1.0,train
noise/esc50_00314.wav,noise,1.0,train
noise/esc50_00315.wav,noise,1.0,train
noise/esc50_00316.wav,noise,1.0,train
noise/esc50_00317.wav,noise,1.0,train
noise/esc50_00318.wav,noise,1.0,train
noise/esc50_00319.wav,noise,1.0,train
noise/esc50_00320.wav,noise,1.0,train
noise/esc50_00321.wav,noise,1.0,train
noise/esc50_00322.wav,noise,1.0,train
noise/esc50_00323.wav,noise,1.0,train
noise/esc50_00324.wav,noise,1.0,train
noise/esc50_00325.wav,noise,1.0,train
noise/esc50_00326.wav,noise,1.0,train
noise/esc50_00327.wav,noise,1.0,train
noise/esc50_00328.wav,noise,1.0,train
noise/esc50_00329.wav,noise,1.0,train
noise/esc50_00330.wav,noise,1.0,train
noise/esc50_00331.wav,noise,1.0,train
noise/esc50_00332.wav,noise,1.0,train
noise/esc50_00333.wav,noise,1.0,train
noise/esc50_00334.wav,noise,1.0,train
noise/esc50_00335.wav,noise,1.0,train
noise/esc50_00336.wav,noise,1.0,train
noise/esc50_00337.wav,noise,1.0,train
noise/esc50_00338.wav,noise,1.0,train
noise/esc50_00339.wav,noise,1.0,train
noise/esc50_00340.wav,noise,1.0,train
noise/esc50_00341.wav,noise,1.0,train
noise/esc50_00342.wav,noise,1.0,train
noise/esc50_00343.wav,noise,1.0,train
noise/esc50_00344.wav,noise,1.0,train
noise/esc50_00345.wav,noise,1.0,train
noise/esc50_00346.wav,noise,1.0,train
noise/esc50_00347.wav,noise,1.0,train
noise/esc50_00348.wav,noise,1.0,train
noise/esc50_00349.wav,noise,1.0,train
noise/esc50_00350.wav,noise,1.0,train
noise/esc50_00351.wav,noise,1.0,train
noise/esc50_00352.wav,noise,1.0,train
noise/esc50_00353.wav,noise,1.0,train
noise/esc50_00354.wav,noise,1.0,train
noise/esc50_00355.wav,noise,1.0,train
noise/esc50_00356.wav,noise,1.0,train
noise/esc50_00357.wav,noise,1.0,train
noise/esc50_00358.wav,noise,1.0,train
noise/esc50_00359.wav,noise,1.0,train
noise/esc50_00360.wav,noise,1.0,train
noise/esc50_00361.wav,noise,1.0,train
noise/esc50_00362.wav,noise,1.0,train
noise/esc50_00363.wav,noise,1.0,train
noise/esc50_00364.wav,noise,1.0,train
noise/esc50_00365.wav,noise,1.0,train
noise/esc50_00366.wav,noise,1.0,train
noise/esc50_00367.wav,noise,1.0,train
noise/esc50_00368.wav,noise,1.0,train
noise/esc50_00369.wav,noise,1.0,train
noise/esc50_00370.wav,noise,1.0,train
noise/esc50_00371.wav,noise,1.0,train
noise/esc50_00372.wav,noise,1.0,train
noise/esc50_00373.wav,noise,1.0,train
noise/esc50_00374.wav,noise,1.0,train
noise/esc50_00375.wav,noise,1.0,train
noise/esc50_00376.wav,noise,1.0,train
noise/esc50_00377.wav,noise,1.0,train
noise/esc50_00378.wav,noise,1.0,train
noise/esc50_00379.wav,noise,1.0,train
noise/esc50_00380.wav,noise,1.0,train
noise/esc50_00381.wav,noise,1.0,train
noise/esc50_00382.wav,noise,1.0,train
noise/esc50_00383.wav,noise,1.0,train
noise/esc50_00384.wav,noise,1.0,train
noise/esc50_00385.wav,noise,1.0,train
noise/esc50_00386.wav,noise,1.0,train
noise/esc50_00387.wav,noise,1.0,train
noise/esc50_00388.wav,noise,1.0,train
noise/esc50_00389.wav,noise,1.0,train
noise/esc50_00390.wav,noise,1.0,train
noise/esc50_00391.wav,noise,1.0,train
noise/esc50_00392.wav,noise,1.0,train
noise/esc50_00393.wav,noise,1.0,train
noise/esc50_00394.wav,noise,1.0,train
noise/esc50_00395.wav,noise,1.0,train
noise/esc50_00396.wav,noise,1.0,train
noise/esc50_00397.wav,noise,1.0,train
noise/esc50_00398.wav,noise,1.0,train
noise/esc50_00399.wav,noise,1.0,train
noise/esc50_00400.wav,noise,1.0,train
noise/esc50_00401.wav,noise,1.0,train
noise/esc50_00402.wav,noise,1.0,train
noise/esc50_00403.wav,noise,1.0,train
noise/esc50_00404.wav,noise,1.0,train
noise/esc50_00405.wav,noise,1.0,train
noise/esc50_00406.wav,noise,1.0,train
noise/esc50_00407.wav,noise,1.0,train
noise/esc50_00408.wav,noise,1.0,train
noise/esc50_00409.wav,noise,1.0,train
noise/esc50_00410.wav,noise,1.0,train
noise/esc50_00411.wav,noise,1.0,train
noise/esc50_00412.wav,noise,1.0,train
noise/esc50_00413.wav,noise,1.0,train
noise/esc50_00414.wav,noise,1.0,train
noise/esc50_00415.wav,noise,1.0,train
noise/esc50_00416.wav,noise,1.0,train
noise/esc50_00417.wav,noise,1.0,train
noise/esc50_00418.wav,noise,1.0,train
noise/esc50_00419.wav,noise,1.0,train
noise/esc50_00420.wav,noise,1.0,train
noise/esc50_00421.wav,noise,1.0,train
noise/esc50_00422.wav,noise,1.0,train
noise/esc50_00423.wav,noise,1.0,train
noise/esc50_00424.wav,noise,1.0,train
noise/esc50_00425.wav,noise,1.0,train
noise/esc50_00426.wav,noise,1.0,train
noise/esc50_00427.wav,noise,1.0,train
noise/esc50_00428.wav,noise,1.0,train
noise/esc50_00429.wav,noise,1.0,train
noise/esc50_00430.wav,noise,1.0,train
noise/esc50_00431.wav,noise,1.0,train
noise/esc50_00432.wav,noise,1.0,train
noise/esc50_00433.wav,noise,1.0,train
noise/esc50_00434.wav,noise,1.0,train
noise/esc50_00435.wav,noise,1.0,train
noise/esc50_00436.wav,noise,1.0,train
noise/esc50_00437.wav,noise,1.0,train
noise/esc50_00438.wav,noise,1.0,train
noise/esc50_00439.wav,noise,1.0,train
noise/esc50_00440.wav,noise,1.0,train
noise/esc50_00441.wav,noise,1.0,train
noise/esc50_00442.wav,noise,1.0,train
noise/esc50_00443.wav,noise,1.0,train
noise/esc50_00444.wav,noise,1.0,train
noise/esc50_00445.wav,noise,1.0,train
noise/esc50_00446.wav,noise,1.0,train
noise/esc50_00447.wav,noise,1.0,train
noise/esc50_00448.wav,noise,1.0,train
noise/esc50_00449.wav,noise,1.0,train
noise/esc50_00450.wav,noise,1.0,train
noise/esc50_00451.wav,noise,1.0,train
noise/esc50_00452.wav,noise,1.0,train
noise/esc50_00453.wav,noise,1.0,train
noise/esc50_00454.wav,noise,1.0,train
noise/esc50_00455.wav,noise,1.0,train
noise/esc50_00456.wav,noise,1.0,train
noise/esc50_00457.wav,noise,1.0,train
noise/esc50_00458.wav,noise,1.0,train
noise/esc50_00459.wav,noise,1.0,train
noise/esc50_00460.wav,noise,1.0,train
noise/esc50_00461.wav,noise,1.0,train
noise/esc50_00462.wav,noise,1.0,train
noise/esc50_00463.wav,noise,1.0,train
noise/esc50_00464.wav,noise,1.0,train
noise/esc50_00465.wav,noise,1.0,train
noise/esc50_00466.wav,noise,1.0,train
noise/esc50_00467.wav,noise,1.0,train
noise/esc50_00468.wav,noise,1.0,train
noise/esc50_00469.wav,noise,1.0,train
noise/esc50_00470.wav,noise,1.0,train
noise/esc50_00471.wav,noise,1.0,train
noise/esc50_00472.wav,noise,1.0,train
noise/esc50_00473.wav,noise,1.0,train
noise/esc50_00474.wav,noise,1.0,train
noise/esc50_00475.wav,noise,1.0,train
noise/esc50_00476.wav,noise,1.0,train
noise/esc50_00477.wav,noise,1.0,train
noise/esc50_00478.wav,noise,1.0,train
noise/esc50_00479.wav,noise,1.0,train
noise/esc50_00480.wav,noise,1.0,train
noise/esc50_00481.wav,noise,1.0,train
noise/esc50_00482.wav,noise,1.0,train
noise/esc50_00483.wav,noise,1.0,train
noise/esc50_00484.wav,noise,1.0,train
noise/esc50_00485.wav,noise,1.0,train
noise/esc50_00486.wav,noise,1.0,train
noise/esc50_00487.wav,noise,1.0,train
noise/esc50_00488.wav,noise,1.0,train
noise/esc50_00489.wav,noise,1.0,train
noise/esc50_00490.wav,noise,1.0,train
noise/esc50_00491.wav,noise,1.0,train
noise/esc50_00492.wav,noise,1.0,train
noise/esc50_00493.wav,noise,1.0,train
noise/esc50_00494.wav,noise,1.0,train
noise/esc50_00495.wav,noise,1.0,train
noise/esc50_00496.wav,noise,1.0,train
noise/esc50_00497.wav,noise,1.0,train
noise/esc50_00498.wav,noise,1.0,train
noise/esc50_00499.wav,noise,1.0,train
noise/esc50_00500.wav,noise,1.0,train
noise/esc50_00501.wav,noise,1.0,train
noise/esc50_00502.wav,noise,1.0,train
noise/esc50_00503.wav,noise,1.0,train
noise/esc50_00504.wav,noise,1.0,train
noise/esc50_00505.wav,noise,1.0,train
noise/esc50_00506.wav,noise,1.0,train
noise/esc50_00507.wav,noise,1.0,train
noise/esc50_00508.wav,noise,1.0,train
noise/esc50_00509.wav,noise,1.0,train
noise/esc50_00510.wav,noise,1.0,train
noise/esc50_00511.wav,noise,1.0,train
noise/esc50_00512.wav,noise,1.0,train
noise/esc50_00513.wav,noise,1.0,train
noise/esc50_00514.wav,noise,1.0,train
noise/esc50_00515.wav,noise,1.0,train
noise/esc50_00516.wav,noise,1.0,train
noise/esc50_00517.wav,noise,1.0,train
noise/esc50_00518.wav,noise,1.0,train
noise/esc50_00519.wav,noise,1.0,train
noise/esc50_00520.wav,noise,1.0,train
noise/esc50_00521.wav,noise,1.0,train
noise/esc50_00522.wav,noise,1.0,train
noise/esc50_00523.wav,noise,1.0,train
noise/esc50_00524.wav,noise,1.0,train
noise/esc50_00525.wav,noise,1.0,train
noise/esc50_00526.wav,noise,1.0,train
noise/esc50_00527.wav,noise,1.0,train
noise/esc50_00528.wav,noise,1.0,train
noise/esc50_00529.wav,noise,1.0,train
noise/esc50_00530.wav,noise,1.0,train
noise/esc50_00531.wav,noise,1.0,train
noise/esc50_00532.wav,noise,1.0,train
noise/esc50_00533.wav,noise,1.0,train
noise/esc50_00534.wav,noise,1.0,train
noise/esc50_00535.wav,noise,1.0,train
noise/esc50_00536.wav,noise,1.0,train
noise/esc50_00537.wav,noise,1.0,train
noise/esc50_00538.wav,noise,1.0,train
noise/esc50_00539.wav,noise,1.0,train
noise/esc50_00540.wav,noise,1.0,train
noise/esc50_00541.wav,noise,1.0,train
noise/esc50_00542.wav,noise,1.0,train
noise/esc50_00543.wav,noise,1.0,train
noise/esc50_00544.wav,noise,1.0,train
noise/esc50_00545.wav,noise,1.0,train
noise/esc50_00546.wav,noise,1.0,train
noise/esc50_00547.wav,noise,1.0,train
noise/esc50_00548.wav,noise,1.0,train
noise/esc50_00549.wav,noise,1.0,train
noise/esc50_00550.wav,noise,1.0,train
noise/esc50_00551.wav,noise,1.0,train
noise/esc50_00552.wav,noise,1.0,train
noise/esc50_00553.wav,noise,1.0,train
noise/esc50_00554.wav,noise,1.0,train
noise/esc50_00555.wav,noise,1.0,train
noise/esc50_00556.wav,noise,1.0,train
noise/esc50_00557.wav,noise,1.0,train
noise/esc50_00558.wav,noise,1.0,train
noise/esc50_00559.wav,noise,1.0,train
noise/esc50_00560.wav,noise,1.0,train
noise/esc50_00561.wav,noise,1.0,train
noise/esc50_00562.wav,noise,1.0,train
noise/esc50_00563.wav,noise,1.0,train
noise/esc50_00564.wav,noise,1.0,train
noise/esc50_00565.wav,noise,1.0,train
noise/esc50_00566.wav,noise,1.0,train
noise/esc50_00567.wav,noise,1.0,train
noise/esc50_00568.wav,noise,1.0,train
noise/esc50_00569.wav,noise,1.0,train
noise/esc50_00570.wav,noise,1.0,train
noise/esc50_00571.wav,noise,1.0,train
noise/esc50_00572.wav,noise,1.0,train
noise/esc50_00573.wav,noise,1.0,train
noise/esc50_00574.wav,noise,1.0,train
noise/esc50_00575.wav,noise,1.0,train
noise/esc50_00576.wav,noise,1.0,train
noise/esc50_00577.wav,noise,1.0,train
noise/esc50_00578.wav,noise,1.0,train
noise/esc50_00579.wav,noise,1.0,train
noise/esc50_00580.wav,noise,1.0,train
noise/esc50_00581.wav,noise,1.0,train
noise/esc50_00582.wav,noise,1.0,train
noise/esc50_00583.wav,noise,1.0,train
noise/esc50_00584.wav,noise,1.0,train
noise/esc50_00585.wav,noise,1.0,train
noise/esc50_00586.wav,noise,1.0,train
noise/esc50_00587.wav,noise,1.0,train
noise/esc50_00588.wav,noise,1.0,train
noise/esc50_00589.wav,noise,1.0,train
noise/esc50_00590.wav,noise,1.0,train
noise/esc50_00591.wav,noise,1.0,train
noise/esc50_00592.wav,noise,1.0,train
noise/esc50_00593.wav,noise,1.0,train
noise/esc50_00594.wav,noise,1.0,train
noise/esc50_00595.wav,noise,1.0,train
noise/esc50_00596.wav,noise,1.0,train
noise/esc50_00597.wav,noise,1.0,train
noise/esc50_00598.wav,noise,1.0,train
noise/esc50_00599.wav,noise,1.0,train
noise/esc50_00600.wav,noise,1.0,train
noise/esc50_00601.wav,noise,1.0,train
noise/esc50_00602.wav,noise,1.0,train
noise/esc50_00603.wav,noise,1.0,train
noise/esc50_00604.wav,noise,1.0,train
noise/esc50_00605.wav,noise,1.0,train
noise/esc50_00606.wav,noise,1.0,train
noise/esc50_00607.wav,noise,1.0,train
noise/esc50_00608.wav,noise,1.0,train
noise/esc50_00609.wav,noise,1.0,train
noise/esc50_00610.wav,noise,1.0,train
noise/esc50_00611.wav,noise,1.0,train
noise/esc50_00612.wav,noise,1.0,train
noise/esc50_00613.wav,noise,1.0,train
noise/esc50_00614.wav,noise,1.0,train
noise/esc50_00615.wav,noise,1.0,train
noise/esc50_00616.wav,noise,1.0,train
noise/esc50_00617.wav,noise,1.0,train
noise/esc50_00618.wav,noise,1.0,train
noise/esc50_00619.wav,noise,1.0,train
noise/esc50_00620.wav,noise,1.0,train
noise/esc50_00621.wav,noise,1.0,train
noise/esc50_00622.wav,noise,1.0,train
noise/esc50_00623.wav,noise,1.0,train
noise/esc50_00624.wav,noise,1.0,train
noise/esc50_00625.wav,noise,1.0,train
noise/esc50_00626.wav,noise,1.0,train
noise/esc50_00627.wav,noise,1.0,train
noise/esc50_00628.wav,noise,1.0,train
noise/esc50_00629.wav,noise,1.0,train
noise/esc50_00630.wav,noise,1.0,train
noise/esc50_00631.wav,noise,1.0,train
noise/esc50_00632.wav,noise,1.0,train
noise/esc50_00633.wav,noise,1.0,train
noise/esc50_00634.wav,noise,1.0,train
noise/esc50_00635.wav,noise,1.0,train
noise/esc50_00636.wav,noise,1.0,train
noise/esc50_00637.wav,noise,1.0,train
noise/esc50_00638.wav,noise,1.0,train
noise/esc50_00639.wav,noise,1.0,train
noise/esc50_00640.wav,noise,1.0,train
noise/esc50_00641.wav,noise,1.0,train
noise/esc50_00642.wav,noise,1.0,train
noise/esc50_00643.wav,noise,1.0,train
noise/esc50_00644.wav,noise,1.0,train
noise/esc50_00645.wav,noise,1.0,train
noise/esc50_00646.wav,noise,1.0,train
noise/esc50_00647.wav,noise,1.0,train
noise/esc50_00648.wav,noise,1.0,train
noise/esc50_00649.wav,noise,1.0,train
noise/esc50_00650.wav,noise,1.0,train
noise/esc50_00651.wav,noise,1.0,train
noise/esc50_00652.wav,noise,1.0,train
noise/esc50_00653.wav,noise,1.0,train
noise/esc50_00654.wav,noise,1.0,train
noise/esc50_00655.wav,noise,1.0,train
noise/esc50_00656.wav,noise,1.0,train
noise/esc50_00657.wav,noise,1.0,train
noise/esc50_00658.wav,noise,1.0,train
noise/esc50_00659.wav,noise,1.0,train
noise/esc50_00660.wav,noise,1.0,train
noise/esc50_00661.wav,noise,1.0,train
noise/esc50_00662.wav,noise,1.0,train
noise/esc50_00663.wav,noise,1.0,train
noise/esc50_00664.wav,noise,1.0,train
noise/esc50_00665.wav,noise,1.0,train
noise/esc50_00666.wav,noise,1.0,train
noise/esc50_00667.wav,noise,1.0,train
noise/esc50_00668.wav,noise,1.0,train
noise/esc50_00669.wav,noise,1.0,train
noise/esc50_00670.wav,noise,1.0,train
noise/esc50_00671.wav,noise,1.0,train
noise/esc50_00672.wav,noise,1.0,train
noise/esc50_00673.wav,noise,1.0,train
noise/esc50_00674.wav,noise,1.0,train
noise/esc50_00675.wav,noise,1.0,train
noise/esc50_00676.wav,noise,1.0,train
noise/esc50_00677.wav,noise,1.0,train
noise/esc50_00678.wav,noise,1.0,train
noise/esc50_00679.wav,noise,1.0,train
noise/esc50_00680.wav,noise,1.0,train
noise/esc50_00681.wav,noise,1.0,train
noise/esc50_00682.wav,noise,1.0,train
noise/esc50_00683.wav,noise,1.0,train
noise/esc50_00684.wav,noise,1.0,train
noise/esc50_00685.wav,noise,1.0,train
noise/esc50_00686.wav,noise,1.0,train
noise/esc50_00687.wav,noise,1.0,train
noise/esc50_00688.wav,noise,1.0,train
noise/esc50_00689.wav,noise,1.0,train
noise/esc50_00690.wav,noise,1.0,train
noise/esc50_00691.wav,noise,1.0,train
noise/esc50_00692.wav,noise,1.0,train
noise/esc50_00693.wav,noise,1.0,train
noise/esc50_00694.wav,noise,1.0,train
noise/esc50_00695.wav,noise,1.0,train
noise/esc50_00696.wav,noise,1.0,train
noise/esc50_00697.wav,noise,1.0,train
noise/esc50_00698.wav,noise,1.0,train
noise/esc50_00699.wav,noise,1.0,train
noise/esc50_00700.wav,noise,1.0,train
noise/esc50_00701.wav,noise,1.0,train
noise/esc50_00702.wav,noise,1.0,train
noise/esc50_00703.wav,noise,1.0,train
noise/esc50_00704.wav,noise,1.0,train
noise/esc50_00705.wav,noise,1.0,train
noise/esc50_00706.wav,noise,1.0,train
noise/esc50_00707.wav,noise,1.0,train
noise/esc50_00708.wav,noise,1.0,train
noise/esc50_00709.wav,noise,1.0,train
noise/esc50_00710.wav,noise,1.0,train
noise/esc50_00711.wav,noise,1.0,train
noise/esc50_00712.wav,noise,1.0,train
noise/esc50_00713.wav,noise,1.0,train
noise/esc50_00714.wav,noise,1.0,train
noise/esc50_00715.wav,noise,1.0,train
noise/esc50_00716.wav,noise,1.0,train
noise/esc50_00717.wav,noise,1.0,train
noise/esc50_00718.wav,noise,1.0,train
noise/esc50_00719.wav,noise,1.0,train
noise/esc50_00720.wav,noise,1.0,train
noise/esc50_00721.wav,noise,1.0,train
noise/esc50_00722.wav,noise,1.0,train
noise/esc50_00723.wav,noise,1.0,train
noise/esc50_00724.wav,noise,1.0,train
noise/esc50_00725.wav,noise,1.0,train
noise/esc50_00726.wav,noise,1.0,train
noise/esc50_00727.wav,noise,1.0,train
noise/esc50_00728.wav,noise,1.0,train
noise/esc50_00729.wav,noise,1.0,train
noise/esc50_00730.wav,noise,1.0,train
noise/esc50_00731.wav,noise,1.0,train
noise/esc50_00732.wav,noise,1.0,train
noise/esc50_00733.wav,noise,1.0,train
noise/esc50_00734.wav,noise,1.0,train
noise/esc50_00735.wav,noise,1.0,train
noise/esc50_00736.wav,noise,1.0,train
noise/esc50_00737.wav,noise,1.0,train
noise/esc50_00738.wav,noise,1.0,train
noise/esc50_00739.wav,noise,1.0,train
noise/esc50_00740.wav,noise,1.0,train
noise/esc50_00741.wav,noise,1.0,train
noise/esc50_00742.wav,noise,1.0,train
noise/esc50_00743.wav,noise,1.0,train
noise/esc50_00744.wav,noise,1.0,train
noise/esc50_00745.wav,noise,1.0,train
noise/esc50_00746.wav,noise,1.0,train
noise/esc50_00747.wav,noise,1.0,train
noise/esc50_00748.wav,noise,1.0,train
noise/esc50_00749.wav,noise,1.0,train
noise/esc50_00750.wav,noise,1.0,train
noise/esc50_00751.wav,noise,1.0,train
noise/esc50_00752.wav,noise,1.0,train
noise/esc50_00753.wav,noise,1.0,train
noise/esc50_00754.wav,noise,1.0,train
noise/esc50_00755.wav,noise,1.0,train
noise/esc50_00756.wav,noise,1.0,train
noise/esc50_00757.wav,noise,1.0,train
noise/esc50_00758.wav,noise,1.0,train
noise/esc50_00759.wav,noise,1.0,train
noise/esc50_00760.wav,noise,1.0,train
noise/esc50_00761.wav,noise,1.0,train
noise/esc50_00762.wav,noise,1.0,train
noise/esc50_00763.wav,noise,1.0,train
noise/esc50_00764.wav,noise,1.0,train
noise/esc50_00765.wav,noise,1.0,train
noise/esc50_00766.wav,noise,1.0,train
noise/esc50_00767.wav,noise,1.0,train
noise/esc50_00768.wav,noise,1.0,train
noise/esc50_00769.wav,noise,1.0,train
noise/esc50_00770.wav,noise,1.0,train
noise/esc50_00771.wav,noise,1.0,train
noise/esc50_00772.wav,noise,1.0,train
noise/esc50_00773.wav,noise,1.0,train
noise/esc50_00774.wav,noise,1.0,train
noise/esc50_00775.wav,noise,1.0,train
noise/esc50_00776.wav,noise,1.0,train
noise/esc50_00777.wav,noise,1.0,train
noise/esc50_00778.wav,noise,1.0,train
noise/esc50_00779.wav,noise,1.0,train
noise/esc50_00780.wav,noise,1.0,train
noise/esc50_00781.wav,noise,1.0,train
noise/esc50_00782.wav,noise,1.0,train
noise/esc50_00783.wav,noise,1.0,train
noise/esc50_00784.wav,noise,1.0,train
noise/esc50_00785.wav,noise,1.0,train
noise/esc50_00786.wav,noise,1.0,train
noise/esc50_00787.wav,noise,1.0,train
noise/esc50_00788.wav,noise,1.0,train
noise/esc50_00789.wav,noise,1.0,train
noise/esc50_00790.wav,noise,1.0,train
noise/esc50_00791.wav,noise,1.0,train
noise/esc50_00792.wav,noise,1.0,train
noise/esc50_00793.wav,noise,1.0,train
noise/esc50_00794.wav,noise,1.0,train
noise/esc50_00795.wav,noise,1.0,train
noise/esc50_00796.wav,noise,1.0,train
noise/esc50_00797.wav,noise,1.0,train
noise/esc50_00798.wav,noise,1.0,train
noise/esc50_00799.wav,noise,1.0,train
noise/esc50_00800.wav,noise,1.0,val
noise/esc50_00801.wav,noise,1.0,val
noise/esc50_00802.wav,noise,1.0,val
noise/esc50_00803.wav,noise,1.0,val
noise/esc50_00804.wav,noise,1.0,val
noise/esc50_00805.wav,noise,1.0,val
noise/esc50_00806.wav,noise,1.0,val
noise/esc50_00807.wav,noise,1.0,val
noise/esc50_00808.wav,noise,1.0,val
noise/esc50_00809.wav,noise,1.0,val
noise/esc50_00810.wav,noise,1.0,val
noise/esc50_00811.wav,noise,1.0,val
noise/esc50_00812.wav,noise,1.0,val
noise/esc50_00813.wav,noise,1.0,val
noise/esc50_00814.wav,noise,1.0,val
noise/esc50_00815.wav,noise,1.0,val
noise/esc50_00816.wav,noise,1.0,val
noise/esc50_00817.wav,noise,1.0,val
noise/esc50_00818.wav,noise,1.0,val
noise/esc50_00819.wav,noise,1.0,val
noise/esc50_00820.wav,noise,1.0,val
noise/esc50_00821.wav,noise,1.0,val
noise/esc50_00822.wav,noise,1.0,val
noise/esc50_00823.wav,noise,1.0,val
noise/esc50_00824.wav,noise,1.0,val
noise/esc50_00825.wav,noise,1.0,val
noise/esc50_00826.wav,noise,1.0,val
noise/esc50_00827.wav,noise,1.0,val
noise/esc50_00828.wav,noise,1.0,val
noise/esc50_00829.wav,noise,1.0,val
noise/esc50_00830.wav,noise,1.0,val
noise/esc50_00831.wav,noise,1.0,val
noise/esc50_00832.wav,noise,1.0,val
noise/esc50_00833.wav,noise,1.0,val
noise/esc50_00834.wav,noise,1.0,val
noise/esc50_00835.wav,noise,1.0,val
noise/esc50_00836.wav,noise,1.0,val
noise/esc50_00837.wav,noise,1.0,val
noise/esc50_00838.wav,noise,1.0,val
noise/esc50_00839.wav,noise,1.0,val
noise/esc50_00840.wav,noise,1.0,val
noise/esc50_00841.wav,noise,1.0,val
noise/esc50_00842.wav,noise,1.0,val
noise/esc50_00843.wav,noise,1.0,val
noise/esc50_00844.wav,noise,1.0,val
noise/esc50_00845.wav,noise,1.0,val
noise/esc50_00846.wav,noise,1.0,val
noise/esc50_00847.wav,noise,1.0,val
noise/esc50_00848.wav,noise,1.0,val
noise/esc50_00849.wav,noise,1.0,val
noise/esc50_00850.wav,noise,1.0,val
noise/esc50_00851.wav,noise,1.0,val
noise/esc50_00852.wav,noise,1.0,val
noise/esc50_00853.wav,noise,1.0,val
noise/esc50_00854.wav,noise,1.0,val
noise/esc50_00855.wav,noise,1.0,val
noise/esc50_00856.wav,noise,1.0,val
noise/esc50_00857.wav,noise,1.0,val
noise/esc50_00858.wav,noise,1.0,val
noise/esc50_00859.wav,noise,1.0,val
noise/esc50_00860.wav,noise,1.0,val
noise/esc50_00861.wav,noise,1.0,val
noise/esc50_00862.wav,noise,1.0,val
noise/esc50_00863.wav,noise,1.0,val
noise/esc50_00864.wav,noise,1.0,val
noise/esc50_00865.wav,noise,1.0,val
noise/esc50_00866.wav,noise,1.0,val
noise/esc50_00867.wav,noise,1.0,val
noise/esc50_00868.wav,noise,1.0,val
noise/esc50_00869.wav,noise,1.0,val
noise/esc50_00870.wav,noise,1.0,val
noise/esc50_00871.wav,noise,1.0,val
noise/esc50_00872.wav,noise,1.0,val
noise/esc50_00873.wav,noise,1.0,val
noise/esc50_00874.wav,noise,1.0,val
noise/esc50_00875.wav,noise,1.0,val
noise/esc50_00876.wav,noise,1.0,val
noise/esc50_00877.wav,noise,1.0,val
noise/esc50_00878.wav,noise,1.0,val
noise/esc50_00879.wav,noise,1.0,val
noise/esc50_00880.wav,noise,1.0,val
noise/esc50_00881.wav,noise,1.0,val
noise/esc50_00882.wav,noise,1.0,val
noise/esc50_00883.wav,noise,1.0,val
noise/esc50_00884.wav,noise,1.0,val
noise/esc50_00885.wav,noise,1.0,val
noise/esc50_00886.wav,noise,1.0,val
noise/esc50_00887.wav,noise,1.0,val
noise/esc50_00888.wav,noise,1.0,val
noise/esc50_00889.wav,noise,1.0,val
noise/esc50_00890.wav,noise,1.0,val
noise/esc50_00891.wav,noise,1.0,val
noise/esc50_00892.wav,noise,1.0,val
noise/esc50_00893.wav,noise,1.0,val
noise/esc50_00894.wav,noise,1.0,val
noise/esc50_00895.wav,noise,1.0,val
noise/esc50_00896.wav,noise,1.0,val
noise/esc50_00897.wav,noise,1.0,val
noise/esc50_00898.wav,noise,1.0,val
noise/esc50_00899.wav,noise,1.0,val
noise/esc50_00900.wav,noise,1.0,test
noise/esc50_00901.wav,noise,1.0,test
noise/esc50_00902.wav,noise,1.0,test
noise/esc50_00903.wav,noise,1.0,test
noise/esc50_00904.wav,noise,1.0,test
noise/esc50_00905.wav,noise,1.0,test
noise/esc50_00906.wav,noise,1.0,test
noise/esc50_00907.wav,noise,1.0,test
noise/esc50_00908.wav,noise,1.0,test
noise/esc50_00909.wav,noise,1.0,test
noise/esc50_00910.wav,noise,1.0,test
noise/esc50_00911.wav,noise,1.0,test
noise/esc50_00912.wav,noise,1.0,test
noise/esc50_00913.wav,noise,1.0,test
noise/esc50_00914.wav,noise,1.0,test
noise/esc50_00915.wav,noise,1.0,test
noise/esc50_00916.wav,noise,1.0,test
noise/esc50_00917.wav,noise,1.0,test
noise/esc50_00918.wav,noise,1.0,test
noise/esc50_00919.wav,noise,1.0,test
noise/esc50_00920.wav,noise,1.0,test
noise/esc50_00921.wav,noise,1.0,test
noise/esc50_00922.wav,noise,1.0,test
noise/esc50_00923.wav,noise,1.0,test
noise/esc50_00924.wav,noise,1.0,test
noise/esc50_00925.wav,noise,1.0,test
noise/esc50_00926.wav,noise,1.0,test
noise/esc50_00927.wav,noise,1.0,test
noise/esc50_00928.wav,noise,1.0,test
noise/esc50_00929.wav,noise,1.0,test
noise/esc50_00930.wav,noise,1.0,test
noise/esc50_00931.wav,noise,1.0,test
noise/esc50_00932.wav,noise,1.0,test
noise/esc50_00933.wav,noise,1.0,test
noise/esc50_00934.wav,noise,1.0,test
noise/esc50_00935.wav,noise,1.0,test
noise/esc50_00936.wav,noise,1.0,test
noise/esc50_00937.wav,noise,1.0,test
noise/esc50_00938.wav,noise,1.0,test
noise/esc50_00939.wav,noise,1.0,test
noise/esc50_00940.wav,noise,1.0,test
noise/esc50_00941.wav,noise,1.0,test
noise/esc50_00942.wav,noise,1.0,test
noise/esc50_00943.wav,noise,1.0,test
noise/esc50_00944.wav,noise,1.0,test
noise/esc50_00945.wav,noise,1.0,test
noise/esc50_00946.wav,noise,1.0,test
noise/esc50_00947.wav,noise,1.0,test
noise/esc50_00948.wav,noise,1.0,test
noise/esc50_00949.wav,noise,1.0,test
noise/esc50_00950.wav,noise,1.0,test
noise/esc50_00951.wav,noise,1.0,test
noise/esc50_00952.wav,noise,1.0,test
noise/esc50_00953.wav,noise,1.0,test
noise/esc50_00954.wav,noise,1.0,test
noise/esc50_00955.wav,noise,1.0,test
noise/esc50_00956.wav,noise,1.0,test
noise/esc50_00957.wav,noise,1.0,test
noise/esc50_00958.wav,noise,1.0,test
noise/esc50_00959.wav,noise,1.0,test
noise/esc50_00960.wav,noise,1.0,test
noise/esc50_00961.wav,noise,1.0,test
noise/esc50_00962.wav,noise,1.0,test
noise/esc50_00963.wav,noise,1.0,test
noise/esc50_00964.wav,noise,1.0,test
noise/esc50_00965.wav,noise,1.0,test
noise/esc50_00966.wav,noise,1.0,test
noise/esc50_00967.wav,noise,1.0,test
noise/esc50_00968.wav,noise,1.0,test
noise/esc50_00969.wav,noise,1.0,test
noise/esc50_00970.wav,noise,1.0,test
noise/esc50_00971.wav,noise,1.0,test
noise/esc50_00972.wav,noise,1.0,test
noise/esc50_00973.wav,noise,1.0,test
noise/esc50_00974.wav,noise,1.0,test
noise/esc50_00975.wav,noise,1.0,test
noise/esc50_00976.wav,noise,1.0,test
noise/esc50_00977.wav,noise,1.0,test
noise/esc50_00978.wav,noise,1.0,test
noise/esc50_00979.wav,noise,1.0,test
noise/esc50_00980.wav,noise,1.0,test
noise/esc50_00981.wav,noise,1.0,test
noise/esc50_00982.wav,noise,1.0,test
noise/esc50_00983.wav,noise,1.0,test
noise/esc50_00984.wav,noise,1.0,test
noise/esc50_00985.wav,noise,1.0,test
noise/esc50_00986.wav,noise,1.0,test
noise/esc50_00987.wav,noise,1.0,test
noise/esc50_00988.wav,noise,1.0,test
noise/esc50_00989.wav,noise,1.0,test
noise/esc50_00990.wav,noise,1.0,test
noise/esc50_00991.wav,noise,1.0,test
noise/esc50_00992.wav,noise,1.0,test
noise/esc50_00993.wav,noise,1.0,test
noise/esc50_00994.wav,noise,1.0,test
noise/esc50_00995.wav,noise,1.0,test
noise/esc50_00996.wav,noise,1.0,test
noise/esc50_00997.wav,noise,1.0,test
noise/esc50_00998.wav,noise,1.0,test
noise/esc50_00999.wav,noise,1.0,test
silence/silence_00000.wav,silence,1.0,train
silence/silence_00001.wav,silence,1.0,train
silence/silence_00002.wav,silence,1.0,train
silence/silence_00003.wav,silence,1.0,train
silence/silence_00004.wav,silence,1.0,train
silence/silence_00005.wav,silence,1.0,train
silence/silence_00006.wav,silence,1.0,train
silence/silence_00007.wav,silence,1.0,train
silence/silence_00008.wav,silence,1.0,train
silence/silence_00009.wav,silence,1.0,train
silence/silence_00010.wav,silence,1.0,train
silence/silence_00011.wav,silence,1.0,train
silence/silence_00012.wav,silence,1.0,train
silence/silence_00013.wav,silence,1.0,train
silence/silence_00014.wav,silence,1.0,train
silence/silence_00015.wav,silence,1.0,train
silence/silence_00016.wav,silence,1.0,train
silence/silence_00017.wav,silence,1.0,train
silence/silence_00018.wav,silence,1.0,train
silence/silence_00019.wav,silence,1.0,train
silence/silence_00020.wav,silence,1.0,train
silence/silence_00021.wav,silence,1.0,train
silence/silence_00022.wav,silence,1.0,train
silence/silence_00023.wav,silence,1.0,train
silence/silence_00024.wav,silence,1.0,train
silence/silence_00025.wav,silence,1.0,train
silence/silence_00026.wav,silence,1.0,train
silence/silence_00027.wav,silence,1.0,train
silence/silence_00028.wav,silence,1.0,train
silence/silence_00029.wav,silence,1.0,train
silence/silence_00030.wav,silence,1.0,train
silence/silence_00031.wav,silence,1.0,train
silence/silence_00032.wav,silence,1.0,train
silence/silence_00033.wav,silence,1.0,train
silence/silence_00034.wav,silence,1.0,train
silence/silence_00035.wav,silence,1.0,train
silence/silence_00036.wav,silence,1.0,train
silence/silence_00037.wav,silence,1.0,train
silence/silence_00038.wav,silence,1.0,train
silence/silence_00039.wav,silence,1.0,train
silence/silence_00040.wav,silence,1.0,train
silence/silence_00041.wav,silence,1.0,train
silence/silence_00042.wav,silence,1.0,train
silence/silence_00043.wav,silence,1.0,train
silence/silence_00044.wav,silence,1.0,train
silence/silence_00045.wav,silence,1.0,train
silence/silence_00046.wav,silence,1.0,train
silence/silence_00047.wav,silence,1.0,train
silence/silence_00048.wav,silence,1.0,train
silence/silence_00049.wav,silence,1.0,train
silence/silence_00050.wav,silence,1.0,train
silence/silence_00051.wav,silence,1.0,train
silence/silence_00052.wav,silence,1.0,train
silence/silence_00053.wav,silence,1.0,train
silence/silence_00054.wav,silence,1.0,train
silence/silence_00055.wav,silence,1.0,train
silence/silence_00056.wav,silence,1.0,train
silence/silence_00057.wav,silence,1.0,train
silence/silence_00058.wav,silence,1.0,train
silence/silence_00059.wav,silence,1.0,train
silence/silence_00060.wav,silence,1.0,train
silence/silence_00061.wav,silence,1.0,train
silence/silence_00062.wav,silence,1.0,train
silence/silence_00063.wav,silence,1.0,train
silence/silence_00064.wav,silence,1.0,train
silence/silence_00065.wav,silence,1.0,train
silence/silence_00066.wav,silence,1.0,train
silence/silence_00067.wav,silence,1.0,train
silence/silence_00068.wav,silence,1.0,train
silence/silence_00069.wav,silence,1.0,train
silence/silence_00070.wav,silence,1.0,train
silence/silence_00071.wav,silence,1.0,train
silence/silence_00072.wav,silence,1.0,train
silence/silence_00073.wav,silence,1.0,train
silence/silence_00074.wav,silence,1.0,train
silence/silence_00075.wav,silence,1.0,train
silence/silence_00076.wav,silence,1.0,train
silence/silence_00077.wav,silence,1.0,train
silence/silence_00078.wav,silence,1.0,train
silence/silence_00079.wav,silence,1.0,train
silence/silence_00080.wav,silence,1.0,train
silence/silence_00081.wav,silence,1.0,train
silence/silence_00082.wav,silence,1.0,train
silence/silence_00083.wav,silence,1.0,train
silence/silence_00084.wav,silence,1.0,train
silence/silence_00085.wav,silence,1.0,train
silence/silence_00086.wav,silence,1.0,train
silence/silence_00087.wav,silence,1.0,train
silence/silence_00088.wav,silence,1.0,train
silence/silence_00089.wav,silence,1.0,train
silence/silence_00090.wav,silence,1.0,train
silence/silence_00091.wav,silence,1.0,train
silence/silence_00092.wav,silence,1.0,train
silence/silence_00093.wav,silence,1.0,train
silence/silence_00094.wav,silence,1.0,train
silence/silence_00095.wav,silence,1.0,train
silence/silence_00096.wav,silence,1.0,train
silence/silence_00097.wav,silence,1.0,train
silence/silence_00098.wav,silence,1.0,train
silence/silence_00099.wav,silence,1.0,train
silence/silence_00100.wav,silence,1.0,train
silence/silence_00101.wav,silence,1.0,train
silence/silence_00102.wav,silence,1.0,train
silence/silence_00103.wav,silence,1.0,train
silence/silence_00104.wav,silence,1.0,train
silence/silence_00105.wav,silence,1.0,train
silence/silence_00106.wav,silence,1.0,train
silence/silence_00107.wav,silence,1.0,train
silence/silence_00108.wav,silence,1.0,train
silence/silence_00109.wav,silence,1.0,train
silence/silence_00110.wav,silence,1.0,train
silence/silence_00111.wav,silence,1.0,train
silence/silence_00112.wav,silence,1.0,train
silence/silence_00113.wav,silence,1.0,train
silence/silence_00114.wav,silence,1.0,train
silence/silence_00115.wav,silence,1.0,train
silence/silence_00116.wav,silence,1.0,train
silence/silence_00117.wav,silence,1.0,train
silence/silence_00118.wav,silence,1.0,train
silence/silence_00119.wav,silence,1.0,train
silence/silence_00120.wav,silence,1.0,train
silence/silence_00121.wav,silence,1.0,train
silence/silence_00122.wav,silence,1.0,train
silence/silence_00123.wav,silence,1.0,train
silence/silence_00124.wav,silence,1.0,train
silence/silence_00125.wav,silence,1.0,train
silence/silence_00126.wav,silence,1.0,train
silence/silence_00127.wav,silence,1.0,train
silence/silence_00128.wav,silence,1.0,train
silence/silence_00129.wav,silence,1.0,train
silence/silence_00130.wav,silence,1.0,train
silence/silence_00131.wav,silence,1.0,train
silence/silence_00132.wav,silence,1.0,train
silence/silence_00133.wav,silence,1.0,train
silence/silence_00134.wav,silence,1.0,train
silence/silence_00135.wav,silence,1.0,train
silence/silence_00136.wav,silence,1.0,train
silence/silence_00137.wav,silence,1.0,train
silence/silence_00138.wav,silence,1.0,train
silence/silence_00139.wav,silence,1.0,train
silence/silence_00140.wav,silence,1.0,train
silence/silence_00141.wav,silence,1.0,train
silence/silence_00142.wav,silence,1.0,train
silence/silence_00143.wav,silence,1.0,train
silence/silence_00144.wav,silence,1.0,train
silence/silence_00145.wav,silence,1.0,train
silence/silence_00146.wav,silence,1.0,train
silence/silence_00147.wav,silence,1.0,train
silence/silence_00148.wav,silence,1.0,train
silence/silence_00149.wav,silence,1.0,train
silence/silence_00150.wav,silence,1.0,train
silence/silence_00151.wav,silence,1.0,train
silence/silence_00152.wav,silence,1.0,train
silence/silence_00153.wav,silence,1.0,train
silence/silence_00154.wav,silence,1.0,train
silence/silence_00155.wav,silence,1.0,train
silence/silence_00156.wav,silence,1.0,train
silence/silence_00157.wav,silence,1.0,train
silence/silence_00158.wav,silence,1.0,train
silence/silence_00159.wav,silence,1.0,train
silence/silence_00160.wav,silence,1.0,train
silence/silence_00161.wav,silence,1.0,train
silence/silence_00162.wav,silence,1.0,train
silence/silence_00163.wav,silence,1.0,train
silence/silence_00164.wav,silence,1.0,train
silence/silence_00165.wav,silence,1.0,train
silence/silence_00166.wav,silence,1.0,train
silence/silence_00167.wav,silence,1.0,train
silence/silence_00168.wav,silence,1.0,train
silence/silence_00169.wav,silence,1.0,train
silence/silence_00170.wav,silence,1.0,train
silence/silence_00171.wav,silence,1.0,train
silence/silence_00172.wav,silence,1.0,train
silence/silence_00173.wav,silence,1.0,train
silence/silence_00174.wav,silence,1.0,train
silence/silence_00175.wav,silence,1.0,train
silence/silence_00176.wav,silence,1.0,train
silence/silence_00177.wav,silence,1.0,train
silence/silence_00178.wav,silence,1.0,train
silence/silence_00179.wav,silence,1.0,train
silence/silence_00180.wav,silence,1.0,train
silence/silence_00181.wav,silence,1.0,train
silence/silence_00182.wav,silence,1.0,train
silence/silence_00183.wav,silence,1.0,train
silence/silence_00184.wav,silence,1.0,train
silence/silence_00185.wav,silence,1.0,train
silence/silence_00186.wav,silence,1.0,train
silence/silence_00187.wav,silence,1.0,train
silence/silence_00188.wav,silence,1.0,train
silence/silence_00189.wav,silence,1.0,train
silence/silence_00190.wav,silence,1.0,train
silence/silence_00191.wav,silence,1.0,train
silence/silence_00192.wav,silence,1.0,train
silence/silence_00193.wav,silence,1.0,train
silence/silence_00194.wav,silence,1.0,train
silence/silence_00195.wav,silence,1.0,train
silence/silence_00196.wav,silence,1.0,train
silence/silence_00197.wav,silence,1.0,train
silence/silence_00198.wav,silence,1.0,train
silence/silence_00199.wav,silence,1.0,train
silence/silence_00200.wav,silence,1.0,train
silence/silence_00201.wav,silence,1.0,train
silence/silence_00202.wav,silence,1.0,train
silence/silence_00203.wav,silence,1.0,train
silence/silence_00204.wav,silence,1.0,train
silence/silence_00205.wav,silence,1.0,train
silence/silence_00206.wav,silence,1.0,train
silence/silence_00207.wav,silence,1.0,train
silence/silence_00208.wav,silence,1.0,train
silence/silence_00209.wav,silence,1.0,train
silence/silence_00210.wav,silence,1.0,train
silence/silence_00211.wav,silence,1.0,train
silence/silence_00212.wav,silence,1.0,train
silence/silence_00213.wav,silence,1.0,train
silence/silence_00214.wav,silence,1.0,train
silence/silence_00215.wav,silence,1.0,train
silence/silence_00216.wav,silence,1.0,train
silence/silence_00217.wav,silence,1.0,train
silence/silence_00218.wav,silence,1.0,train
silence/silence_00219.wav,silence,1.0,train
silence/silence_00220.wav,silence,1.0,train
silence/silence_00221.wav,silence,1.0,train
silence/silence_00222.wav,silence,1.0,train
silence/silence_00223.wav,silence,1.0,train
silence/silence_00224.wav,silence,1.0,train
silence/silence_00225.wav,silence,1.0,train
silence/silence_00226.wav,silence,1.0,train
silence/silence_00227.wav,silence,1.0,train
silence/silence_00228.wav,silence,1.0,train
silence/silence_00229.wav,silence,1.0,train
silence/silence_00230.wav,silence,1.0,train
silence/silence_00231.wav,silence,1.0,train
silence/silence_00232.wav,silence,1.0,train
silence/silence_00233.wav,silence,1.0,train
silence/silence_00234.wav,silence,1.0,train
silence/silence_00235.wav,silence,1.0,train
silence/silence_00236.wav,silence,1.0,train
silence/silence_00237.wav,silence,1.0,train
silence/silence_00238.wav,silence,1.0,train
silence/silence_00239.wav,silence,1.0,train
silence/silence_00240.wav,silence,1.0,train
silence/silence_00241.wav,silence,1.0,train
silence/silence_00242.wav,silence,1.0,train
silence/silence_00243.wav,silence,1.0,train
silence/silence_00244.wav,silence,1.0,train
silence/silence_00245.wav,silence,1.0,train
silence/silence_00246.wav,silence,1.0,train
silence/silence_00247.wav,silence,1.0,train
silence/silence_00248.wav,silence,1.0,train
silence/silence_00249.wav,silence,1.0,train
silence/silence_00250.wav,silence,1.0,train
silence/silence_00251.wav,silence,1.0,train
silence/silence_00252.wav,silence,1.0,train
silence/silence_00253.wav,silence,1.0,train
silence/silence_00254.wav,silence,1.0,train
silence/silence_00255.wav,silence,1.0,train
silence/silence_00256.wav,silence,1.0,train
silence/silence_00257.wav,silence,1.0,train
silence/silence_00258.wav,silence,1.0,train
silence/silence_00259.wav,silence,1.0,train
silence/silence_00260.wav,silence,1.0,train
silence/silence_00261.wav,silence,1.0,train
silence/silence_00262.wav,silence,1.0,train
silence/silence_00263.wav,silence,1.0,train
silence/silence_00264.wav,silence,1.0,train
silence/silence_00265.wav,silence,1.0,train
silence/silence_00266.wav,silence,1.0,train
silence/silence_00267.wav,silence,1.0,train
silence/silence_00268.wav,silence,1.0,train
silence/silence_00269.wav,silence,1.0,train
silence/silence_00270.wav,silence,1.0,train
silence/silence_00271.wav,silence,1.0,train
silence/silence_00272.wav,silence,1.0,train
silence/silence_00273.wav,silence,1.0,train
silence/silence_00274.wav,silence,1.0,train
silence/silence_00275.wav,silence,1.0,train
silence/silence_00276.wav,silence,1.0,train
silence/silence_00277.wav,silence,1.0,train
silence/silence_00278.wav,silence,1.0,train
silence/silence_00279.wav,silence,1.0,train
silence/silence_00280.wav,silence,1.0,train
silence/silence_00281.wav,silence,1.0,train
silence/silence_00282.wav,silence,1.0,train
silence/silence_00283.wav,silence,1.0,train
silence/silence_00284.wav,silence,1.0,train
silence/silence_00285.wav,silence,1.0,train
silence/silence_00286.wav,silence,1.0,train
silence/silence_00287.wav,silence,1.0,train
silence/silence_00288.wav,silence,1.0,train
silence/silence_00289.wav,silence,1.0,train
silence/silence_00290.wav,silence,1.0,train
silence/silence_00291.wav,silence,1.0,train
silence/silence_00292.wav,silence,1.0,train
silence/silence_00293.wav,silence,1.0,train
silence/silence_00294.wav,silence,1.0,train
silence/silence_00295.wav,silence,1.0,train
silence/silence_00296.wav,silence,1.0,train
silence/silence_00297.wav,silence,1.0,train
silence/silence_00298.wav,silence,1.0,train
silence/silence_00299.wav,silence,1.0,train
silence/silence_00300.wav,silence,1.0,train
silence/silence_00301.wav,silence,1.0,train
silence/silence_00302.wav,silence,1.0,train
silence/silence_00303.wav,silence,1.0,train
silence/silence_00304.wav,silence,1.0,train
silence/silence_00305.wav,silence,1.0,train
silence/silence_00306.wav,silence,1.0,train
silence/silence_00307.wav,silence,1.0,train
silence/silence_00308.wav,silence,1.0,train
silence/silence_00309.wav,silence,1.0,train
silence/silence_00310.wav,silence,1.0,train
silence/silence_00311.wav,silence,1.0,train
silence/silence_00312.wav,silence,1.0,train
silence/silence_00313.wav,silence,1.0,train
silence/silence_00314.wav,silence,1.0,train
silence/silence_00315.wav,silence,1.0,train
silence/silence_00316.wav,silence,1.0,train
silence/silence_00317.wav,silence,1.0,train
silence/silence_00318.wav,silence,1.0,train
silence/silence_00319.wav,silence,1.0,train
silence/silence_00320.wav,silence,1.0,train
silence/silence_00321.wav,silence,1.0,train
silence/silence_00322.wav,silence,1.0,train
silence/silence_00323.wav,silence,1.0,train
silence/silence_00324.wav,silence,1.0,train
silence/silence_00325.wav,silence,1.0,train
silence/silence_00326.wav,silence,1.0,train
silence/silence_00327.wav,silence,1.0,train
silence/silence_00328.wav,silence,1.0,train
silence/silence_00329.wav,silence,1.0,train
silence/silence_00330.wav,silence,1.0,train
silence/silence_00331.wav,silence,1.0,train
silence/silence_00332.wav,silence,1.0,train
silence/silence_00333.wav,silence,1.0,train
silence/silence_00334.wav,silence,1.0,train
silence/silence_00335.wav,silence,1.0,train
silence/silence_00336.wav,silence,1.0,train
silence/silence_00337.wav,silence,1.0,train
silence/silence_00338.wav,silence,1.0,train
silence/silence_00339.wav,silence,1.0,train
silence/silence_00340.wav,silence,1.0,train
silence/silence_00341.wav,silence,1.0,train
silence/silence_00342.wav,silence,1.0,train
silence/silence_00343.wav,silence,1.0,train
silence/silence_00344.wav,silence,1.0,train
silence/silence_00345.wav,silence,1.0,train
silence/silence_00346.wav,silence,1.0,train
silence/silence_00347.wav,silence,1.0,train
silence/silence_00348.wav,silence,1.0,train
silence/silence_00349.wav,silence,1.0,train
silence/silence_00350.wav,silence,1.0,train
silence/silence_00351.wav,silence,1.0,train
silence/silence_00352.wav,silence,1.0,train
silence/silence_00353.wav,silence,1.0,train
silence/silence_00354.wav,silence,1.0,train
silence/silence_00355.wav,silence,1.0,train
silence/silence_00356.wav,silence,1.0,train
silence/silence_00357.wav,silence,1.0,train
silence/silence_00358.wav,silence,1.0,train
silence/silence_00359.wav,silence,1.0,train
silence/silence_00360.wav,silence,1.0,train
silence/silence_00361.wav,silence,1.0,train
silence/silence_00362.wav,silence,1.0,train
silence/silence_00363.wav,silence,1.0,train
silence/silence_00364.wav,silence,1.0,train
silence/silence_00365.wav,silence,1.0,train
silence/silence_00366.wav,silence,1.0,train
silence/silence_00367.wav,silence,1.0,train
silence/silence_00368.wav,silence,1.0,train
silence/silence_00369.wav,silence,1.0,train
silence/silence_00370.wav,silence,1.0,train
silence/silence_00371.wav,silence,1.0,train
silence/silence_00372.wav,silence,1.0,train
silence/silence_00373.wav,silence,1.0,train
silence/silence_00374.wav,silence,1.0,train
silence/silence_00375.wav,silence,1.0,train
silence/silence_00376.wav,silence,1.0,train
silence/silence_00377.wav,silence,1.0,train
silence/silence_00378.wav,silence,1.0,train
silence/silence_00379.wav,silence,1.0,train
silence/silence_00380.wav,silence,1.0,train
silence/silence_00381.wav,silence,1.0,train
silence/silence_00382.wav,silence,1.0,train
silence/silence_00383.wav,silence,1.0,train
silence/silence_00384.wav,silence,1.0,train
silence/silence_00385.wav,silence,1.0,train
silence/silence_00386.wav,silence,1.0,train
silence/silence_00387.wav,silence,1.0,train
silence/silence_00388.wav,silence,1.0,train
silence/silence_00389.wav,silence,1.0,train
silence/silence_00390.wav,silence,1.0,train
silence/silence_00391.wav,silence,1.0,train
silence/silence_00392.wav,silence,1.0,train
silence/silence_00393.wav,silence,1.0,train
silence/silence_00394.wav,silence,1.0,train
silence/silence_00395.wav,silence,1.0,train
silence/silence_00396.wav,silence,1.0,train
silence/silence_00397.wav,silence,1.0,train
silence/silence_00398.wav,silence,1.0,train
silence/silence_00399.wav,silence,1.0,train
silence/silence_00400.wav,silence,1.0,val
silence/silence_00401.wav,silence,1.0,val
silence/silence_00402.wav,silence,1.0,val
silence/silence_00403.wav,silence,1.0,val
silence/silence_00404.wav,silence,1.0,val
silence/silence_00405.wav,silence,1.0,val
silence/silence_00406.wav,silence,1.0,val
silence/silence_00407.wav,silence,1.0,val
silence/silence_00408.wav,silence,1.0,val
silence/silence_00409.wav,silence,1.0,val
silence/silence_00410.wav,silence,1.0,val
silence/silence_00411.wav,silence,1.0,val
silence/silence_00412.wav,silence,1.0,val
silence/silence_00413.wav,silence,1.0,val
silence/silence_00414.wav,silence,1.0,val
silence/silence_00415.wav,silence,1.0,val
silence/silence_00416.wav,silence,1.0,val
silence/silence_00417.wav,silence,1.0,val
silence/silence_00418.wav,silence,1.0,val
silence/silence_00419.wav,silence,1.0,val
silence/silence_00420.wav,silence,1.0,val
silence/silence_00421.wav,silence,1.0,val
silence/silence_00422.wav,silence,1.0,val
silence/silence_00423.wav,silence,1.0,val
silence/silence_00424.wav,silence,1.0,val
silence/silence_00425.wav,silence,1.0,val
silence/silence_00426.wav,silence,1.0,val
silence/silence_00427.wav,silence,1.0,val
silence/silence_00428.wav,silence,1.0,val
silence/silence_00429.wav,silence,1.0,val
silence/silence_00430.wav,silence,1.0,val
silence/silence_00431.wav,silence,1.0,val
silence/silence_00432.wav,silence,1.0,val
silence/silence_00433.wav,silence,1.0,val
silence/silence_00434.wav,silence,1.0,val
silence/silence_00435.wav,silence,1.0,val
silence/silence_00436.wav,silence,1.0,val
silence/silence_00437.wav,silence,1.0,val
silence/silence_00438.wav,silence,1.0,val
silence/silence_00439.wav,silence,1.0,val
silence/silence_00440.wav,silence,1.0,val
silence/silence_00441.wav,silence,1.0,val
silence/silence_00442.wav,silence,1.0,val
silence/silence_00443.wav,silence,1.0,val
silence/silence_00444.wav,silence,1.0,val
silence/silence_00445.wav,silence,1.0,val
silence/silence_00446.wav,silence,1.0,val
silence/silence_00447.wav,silence,1.0,val
silence/silence_00448.wav,silence,1.0,val
silence/silence_00449.wav,silence,1.0,val
silence/silence_00450.wav,silence,1.0,test
silence/silence_00451.wav,silence,1.0,test
silence/silence_00452.wav,silence,1.0,test
silence/silence_00453.wav,silence,1.0,test
silence/silence_00454.wav,silence,1.0,test
silence/silence_00455.wav,silence,1.0,test
silence/silence_00456.wav,silence,1.0,test
silence/silence_00457.wav,silence,1.0,test
silence/silence_00458.wav,silence,1.0,test
silence/silence_00459.wav,silence,1.0,test
silence/silence_00460.wav,silence,1.0,test
silence/silence_00461.wav,silence,1.0,test
silence/silence_00462.wav,silence,1.0,test
silence/silence_00463.wav,silence,1.0,test
silence/silence_00464.wav,silence,1.0,test
silence/silence_00465.wav,silence,1.0,test
silence/silence_00466.wav,silence,1.0,test
silence/silence_00467.wav,silence,1.0,test
silence/silence_00468.wav,silence,1.0,test
silence/silence_00469.wav,silence,1.0,test
silence/silence_00470.wav,silence,1.0,test
silence/silence_00471.wav,silence,1.0,test
silence/silence_00472.wav,silence,1.0,test
silence/silence_00473.wav,silence,1.0,test
silence/silence_00474.wav,silence,1.0,test
silence/silence_00475.wav,silence,1.0,test
silence/silence_00476.wav,silence,1.0,test
silence/silence_00477.wav,silence,1.0,test
silence/silence_00478.wav,silence,1.0,test
silence/silence_00479.wav,silence,1.0,test
silence/silence_00480.wav,silence,1.0,test
silence/silence_00481.wav,silence,1.0,test
silence/silence_00482.wav,silence,1.0,test
silence/silence_00483.wav,silence,1.0,test
silence/silence_00484.wav,silence,1.0,test
silence/silence_00485.wav,silence,1.0,test
silence/silence_00486.wav,silence,1.0,test
silence/silence_00487.wav,silence,1.0,test
silence/silence_00488.wav,silence,1.0,test
silence/silence_00489.wav,silence,1.0,test
silence/silence_00490.wav,silence,1.0,test
silence/silence_00491.wav,silence,1.0,test
silence/silence_00492.wav,silence,1.0,test
silence/silence_00493.wav,silence,1.0,test
silence/silence_00494.wav,silence,1.0,test
silence/silence_00495.wav,silence,1.0,test
silence/silence_00496.wav,silence,1.0,test
silence/silence_00497.wav,silence,1.0,test
silence/silence_00498.wav,silence,1.0,test
silence/silence_00499.wav,silence,1.0,test
speech/speech_00000_00000.wav,speech,1.0,train
speech/speech_00000_00001.wav,speech,1.0,train
speech/speech_00002_00000.wav,speech,1.0,train
speech/speech_00002_00001.wav,speech,1.0,train
speech/speech_00002_00002.wav,speech,1.0,train
speech/speech_00002_00003.wav,speech,1.0,train
speech/speech_00006_00000.wav,speech,1.0,train
speech/speech_00006_00001.wav,speech,1.0,train
speech/speech_00006_00002.wav,speech,1.0,train
speech/speech_00006_00003.wav,speech,1.0,train
speech/speech_00006_00004.wav,speech,1.0,train
speech/speech_00006_00005.wav,speech,1.0,train
speech/speech_00006_00006.wav,speech,1.0,train
speech/speech_00013_00000.wav,speech,1.0,train
speech/speech_00013_00001.wav,speech,1.0,train
speech/speech_00013_00002.wav,speech,1.0,train
speech/speech_00013_00003.wav,speech,1.0,train
speech/speech_00013_00004.wav,speech,1.0,train
speech/speech_00013_00005.wav,speech,1.0,train
speech/speech_00019_00000.wav,speech,1.0,train
speech/speech_00019_00001.wav,speech,1.0,train
speech/speech_00021_00000.wav,speech,1.0,train
speech/speech_00021_00001.wav,speech,1.0,train
speech/speech_00021_00002.wav,speech,1.0,train
speech/speech_00021_00003.wav,speech,1.0,train
speech/speech_00021_00004.wav,speech,1.0,train
speech/speech_00026_00000.wav,speech,1.0,train
speech/speech_00027_00000.wav,speech,1.0,train
speech/speech_00027_00001.wav,speech,1.0,train
speech/speech_00027_00002.wav,speech,1.0,train
speech/speech_00027_00003.wav,speech,1.0,train
speech/speech_00027_00004.wav,speech,1.0,train
speech/speech_00032_00000.wav,speech,1.0,train
speech/speech_00032_00001.wav,speech,1.0,train
speech/speech_00032_00002.wav,speech,1.0,train
speech/speech_00035_00000.wav,speech,1.0,train
speech/speech_00035_00001.wav,speech,1.0,train
speech/speech_00035_00002.wav,speech,1.0,train
speech/speech_00035_00003.wav,speech,1.0,train
speech/speech_00035_00004.wav,speech,1.0,train
speech/speech_00035_00005.wav,speech,1.0,train
speech/speech_00035_00006.wav,speech,1.0,train
speech/speech_00042_00000.wav,speech,1.0,train
speech/speech_00042_00001.wav,speech,1.0,train
speech/speech_00042_00002.wav,speech,1.0,train
speech/speech_00042_00003.wav,speech,1.0,train
speech/speech_00042_00004.wav,speech,1.0,train
speech/speech_00042_00005.wav,speech,1.0,train
speech/speech_00048_00000.wav,speech,1.0,train
speech/speech_00048_00001.wav,speech,1.0,train
speech/speech_00048_00002.wav,speech,1.0,train
speech/speech_00048_00003.wav,speech,1.0,train
speech/speech_00052_00000.wav,speech,1.0,train
speech/speech_00052_00001.wav,speech,1.0,train
speech/speech_00052_00002.wav,speech,1.0,train
speech/speech_00052_00003.wav,speech,1.0,train
speech/speech_00052_00004.wav,speech,1.0,train
speech/speech_00057_00000.wav,speech,1.0,train
speech/speech_00057_00001.wav,speech,1.0,train
speech/speech_00057_00002.wav,speech,1.0,train
speech/speech_00057_00003.wav,speech,1.0,train
speech/speech_00057_00004.wav,speech,1.0,train
speech/speech_00062_00000.wav,speech,1.0,train
speech/speech_00062_00001.wav,speech,1.0,train
speech/speech_00062_00002.wav,speech,1.0,train
speech/speech_00062_00003.wav,speech,1.0,train
speech/speech_00062_00004.wav,speech,1.0,train
speech/speech_00062_00005.wav,speech,1.0,train
speech/speech_00062_00006.wav,speech,1.0,train
speech/speech_00069_00000.wav,speech,1.0,train
speech/speech_00069_00001.wav,speech,1.0,train
speech/speech_00069_00002.wav,speech,1.0,train
speech/speech_00069_00003.wav,speech,1.0,train
speech/speech_00069_00004.wav,speech,1.0,train
speech/speech_00074_00000.wav,speech,1.0,train
speech/speech_00074_00001.wav,speech,1.0,train
speech/speech_00074_00002.wav,speech,1.0,train
speech/speech_00074_00003.wav,speech,1.0,train
speech/speech_00074_00004.wav,speech,1.0,train
speech/speech_00079_00000.wav,speech,1.0,train
speech/speech_00079_00001.wav,speech,1.0,train
speech/speech_00079_00002.wav,speech,1.0,train
speech/speech_00079_00003.wav,speech,1.0,train
speech/speech_00079_00004.wav,speech,1.0,train
speech/speech_00079_00005.wav,speech,1.0,train
speech/speech_00085_00000.wav,speech,1.0,train
speech/speech_00085_00001.wav,speech,1.0,train
speech/speech_00085_00002.wav,speech,1.0,train
speech/speech_00085_00003.wav,speech,1.0,train
speech/speech_00085_00004.wav,speech,1.0,train
speech/speech_00090_00000.wav,speech,1.0,train
speech/speech_00090_00001.wav,speech,1.0,train
speech/speech_00090_00002.wav,speech,1.0,train
speech/speech_00093_00000.wav,speech,1.0,train
speech/speech_00093_00001.wav,speech,1.0,train
speech/speech_00093_00002.wav,speech,1.0,train
speech/speech_00093_00003.wav,speech,1.0,train
speech/speech_00097_00000.wav,speech,1.0,train
speech/speech_00097_00001.wav,speech,1.0,train
speech/speech_00097_00002.wav,speech,1.0,train
speech/speech_00100_00000.wav,speech,1.0,train
speech/speech_00100_00001.wav,speech,1.0,train
speech/speech_00102_00000.wav,speech,1.0,train
speech/speech_00102_00001.wav,speech,1.0,train
speech/speech_00102_00002.wav,speech,1.0,train
speech/speech_00102_00003.wav,speech,1.0,train
speech/speech_00102_00004.wav,speech,1.0,train
speech/speech_00102_00005.wav,speech,1.0,train
speech/speech_00102_00006.wav,speech,1.0,train
speech/speech_00102_00007.wav,speech,1.0,train
speech/speech_00110_00000.wav,speech,1.0,train
speech/speech_00110_00001.wav,speech,1.0,train
speech/speech_00110_00002.wav,speech,1.0,train
speech/speech_00110_00003.wav,speech,1.0,train
speech/speech_00110_00004.wav,speech,1.0,train
speech/speech_00110_00005.wav,speech,1.0,train
speech/speech_00110_00006.wav,speech,1.0,train
speech/speech_00117_00000.wav,speech,1.0,train
speech/speech_00117_00001.wav,speech,1.0,train
speech/speech_00117_00002.wav,speech,1.0,train
speech/speech_00117_00003.wav,speech,1.0,train
speech/speech_00117_00004.wav,speech,1.0,train
speech/speech_00117_00005.wav,speech,1.0,train
speech/speech_00117_00006.wav,speech,1.0,train
speech/speech_00124_00000.wav,speech,1.0,train
speech/speech_00124_00001.wav,speech,1.0,train
speech/speech_00124_00002.wav,speech,1.0,train
speech/speech_00124_00003.wav,speech,1.0,train
speech/speech_00124_00004.wav,speech,1.0,train
speech/speech_00124_00005.wav,speech,1.0,train
speech/speech_00124_00006.wav,speech,1.0,train
speech/speech_00124_00007.wav,speech,1.0,train
speech/speech_00124_00008.wav,speech,1.0,train
speech/speech_00124_00009.wav,speech,1.0,train
speech/speech_00134_00000.wav,speech,1.0,train
speech/speech_00134_00001.wav,speech,1.0,train
speech/speech_00134_00002.wav,speech,1.0,train
speech/speech_00134_00003.wav,speech,1.0,train
speech/speech_00134_00004.wav,speech,1.0,train
speech/speech_00134_00005.wav,speech,1.0,train
speech/speech_00134_00006.wav,speech,1.0,train
speech/speech_00134_00007.wav,speech,1.0,train
speech/speech_00134_00008.wav,speech,1.0,train
speech/speech_00134_00009.wav,speech,1.0,train
speech/speech_00134_00010.wav,speech,1.0,train
speech/speech_00145_00000.wav,speech,1.0,train
speech/speech_00145_00001.wav,speech,1.0,train
speech/speech_00145_00002.wav,speech,1.0,train
speech/speech_00148_00000.wav,speech,1.0,train
speech/speech_00148_00001.wav,speech,1.0,train
speech/speech_00148_00002.wav,speech,1.0,train
speech/speech_00148_00003.wav,speech,1.0,train
speech/speech_00152_00000.wav,speech,1.0,train
speech/speech_00152_00001.wav,speech,1.0,train
speech/speech_00152_00002.wav,speech,1.0,train
speech/speech_00152_00003.wav,speech,1.0,train
speech/speech_00152_00004.wav,speech,1.0,train
speech/speech_00152_00005.wav,speech,1.0,train
speech/speech_00152_00006.wav,speech,1.0,train
speech/speech_00152_00007.wav,speech,1.0,train
speech/speech_00152_00008.wav,speech,1.0,train
speech/speech_00152_00009.wav,speech,1.0,train
speech/speech_00152_00010.wav,speech,1.0,train
speech/speech_00152_00011.wav,speech,1.0,train
speech/speech_00152_00012.wav,speech,1.0,train
speech/speech_00152_00013.wav,speech,1.0,train
speech/speech_00152_00014.wav,speech,1.0,train
speech/speech_00167_00000.wav,speech,1.0,train
speech/speech_00167_00001.wav,speech,1.0,train
speech/speech_00167_00002.wav,speech,1.0,train
speech/speech_00170_00000.wav,speech,1.0,train
speech/speech_00170_00001.wav,speech,1.0,train
speech/speech_00170_00002.wav,speech,1.0,train
speech/speech_00173_00000.wav,speech,1.0,train
speech/speech_00173_00001.wav,speech,1.0,train
speech/speech_00173_00002.wav,speech,1.0,train
speech/speech_00173_00003.wav,speech,1.0,train
speech/speech_00173_00004.wav,speech,1.0,train
speech/speech_00173_00005.wav,speech,1.0,train
speech/speech_00173_00006.wav,speech,1.0,train
speech/speech_00173_00007.wav,speech,1.0,train
speech/speech_00173_00008.wav,speech,1.0,train
speech/speech_00182_00000.wav,speech,1.0,train
speech/speech_00182_00001.wav,speech,1.0,train
speech/speech_00182_00002.wav,speech,1.0,train
speech/speech_00182_00003.wav,speech,1.0,train
speech/speech_00182_00004.wav,speech,1.0,train
speech/speech_00187_00000.wav,speech,1.0,train
speech/speech_00187_00001.wav,speech,1.0,train
speech/speech_00187_00002.wav,speech,1.0,train
speech/speech_00187_00003.wav,speech,1.0,train
speech/speech_00187_00004.wav,speech,1.0,train
speech/speech_00187_00005.wav,speech,1.0,train
speech/speech_00187_00006.wav,speech,1.0,train
speech/speech_00194_00000.wav,speech,1.0,train
speech/speech_00194_00001.wav,speech,1.0,train
speech/speech_00194_00002.wav,speech,1.0,train
speech/speech_00194_00003.wav,speech,1.0,train
speech/speech_00194_00004.wav,speech,1.0,train
speech/speech_00199_00000.wav,speech,1.0,train
speech/speech_00199_00001.wav,speech,1.0,train
speech/speech_00201_00000.wav,speech,1.0,train
speech/speech_00201_00001.wav,speech,1.0,train
speech/speech_00201_00002.wav,speech,1.0,train
speech/speech_00201_00003.wav,speech,1.0,train
speech/speech_00205_00000.wav,speech,1.0,train
speech/speech_00205_00001.wav,speech,1.0,train
speech/speech_00205_00002.wav,speech,1.0,train
speech/speech_00205_00003.wav,speech,1.0,train
speech/speech_00209_00000.wav,speech,1.0,train
speech/speech_00209_00001.wav,speech,1.0,train
speech/speech_00211_00000.wav,speech,1.0,train
speech/speech_00211_00001.wav,speech,1.0,train
speech/speech_00211_00002.wav,speech,1.0,train
speech/speech_00211_00003.wav,speech,1.0,train
speech/speech_00211_00004.wav,speech,1.0,train
speech/speech_00216_00000.wav,speech,1.0,train
speech/speech_00216_00001.wav,speech,1.0,train
speech/speech_00216_00002.wav,speech,1.0,train
speech/speech_00216_00003.wav,speech,1.0,train
speech/speech_00216_00004.wav,speech,1.0,train
speech/speech_00216_00005.wav,speech,1.0,train
speech/speech_00216_00006.wav,speech,1.0,train
speech/speech_00223_00000.wav,speech,1.0,train
speech/speech_00223_00001.wav,speech,1.0,train
speech/speech_00223_00002.wav,speech,1.0,train
speech/speech_00223_00003.wav,speech,1.0,train
speech/speech_00223_00004.wav,speech,1.0,train
speech/speech_00223_00005.wav,speech,1.0,train
speech/speech_00223_00006.wav,speech,1.0,train
speech/speech_00223_00007.wav,speech,1.0,train
speech/speech_00223_00008.wav,speech,1.0,train
speech/speech_00223_00009.wav,speech,1.0,train
speech/speech_00233_00000.wav,speech,1.0,train
speech/speech_00233_00001.wav,speech,1.0,train
speech/speech_00235_00000.wav,speech,1.0,train
speech/speech_00235_00001.wav,speech,1.0,train
speech/speech_00235_00002.wav,speech,1.0,train
speech/speech_00235_00003.wav,speech,1.0,train
speech/speech_00239_00000.wav,speech,1.0,train
speech/speech_00239_00001.wav,speech,1.0,train
speech/speech_00239_00002.wav,speech,1.0,train
speech/speech_00239_00003.wav,speech,1.0,train
speech/speech_00243_00000.wav,speech,1.0,train
speech/speech_00243_00001.wav,speech,1.0,train
speech/speech_00243_00002.wav,speech,1.0,train
speech/speech_00243_00003.wav,speech,1.0,train
speech/speech_00243_00004.wav,speech,1.0,train
speech/speech_00243_00005.wav,speech,1.0,train
speech/speech_00243_00006.wav,speech,1.0,train
speech/speech_00243_00007.wav,speech,1.0,train
speech/speech_00243_00008.wav,speech,1.0,train
speech/speech_00243_00009.wav,speech,1.0,train
speech/speech_00243_00010.wav,speech,1.0,train
speech/speech_00243_00011.wav,speech,1.0,train
speech/speech_00243_00012.wav,speech,1.0,train
speech/speech_00243_00013.wav,speech,1.0,train
speech/speech_00243_00014.wav,speech,1.0,train
speech/speech_00243_00015.wav,speech,1.0,train
speech/speech_00243_00016.wav,speech,1.0,train
speech/speech_00243_00017.wav,speech,1.0,train
speech/speech_00243_00018.wav,speech,1.0,train
speech/speech_00243_00019.wav,speech,1.0,train
speech/speech_00243_00020.wav,speech,1.0,train
speech/speech_00243_00021.wav,speech,1.0,train
speech/speech_00243_00022.wav,speech,1.0,train
speech/speech_00243_00023.wav,speech,1.0,train
speech/speech_00243_00024.wav,speech,1.0,train
speech/speech_00243_00025.wav,speech,1.0,train
speech/speech_00243_00026.wav,speech,1.0,train
speech/speech_00243_00027.wav,speech,1.0,train
speech/speech_00243_00028.wav,speech,1.0,train
speech/speech_00243_00029.wav,speech,1.0,train
speech/speech_00243_00030.wav,speech,1.0,train
speech/speech_00243_00031.wav,speech,1.0,train
speech/speech_00275_00000.wav,speech,1.0,train
speech/speech_00275_00001.wav,speech,1.0,train
speech/speech_00275_00002.wav,speech,1.0,train
speech/speech_00275_00003.wav,speech,1.0,train
speech/speech_00279_00000.wav,speech,1.0,train
speech/speech_00279_00001.wav,speech,1.0,train
speech/speech_00279_00002.wav,speech,1.0,train
speech/speech_00279_00003.wav,speech,1.0,train
speech/speech_00279_00004.wav,speech,1.0,train
speech/speech_00279_00005.wav,speech,1.0,train
speech/speech_00279_00006.wav,speech,1.0,train
speech/speech_00279_00007.wav,speech,1.0,train
speech/speech_00279_00008.wav,speech,1.0,train
speech/speech_00288_00000.wav,speech,1.0,train
speech/speech_00288_00001.wav,speech,1.0,train
speech/speech_00288_00002.wav,speech,1.0,train
speech/speech_00288_00003.wav,speech,1.0,train
speech/speech_00288_00004.wav,speech,1.0,train
speech/speech_00288_00005.wav,speech,1.0,train
speech/speech_00294_00000.wav,speech,1.0,train
speech/speech_00294_00001.wav,speech,1.0,train
speech/speech_00294_00002.wav,speech,1.0,train
speech/speech_00294_00003.wav,speech,1.0,train
speech/speech_00294_00004.wav,speech,1.0,train
speech/speech_00294_00005.wav,speech,1.0,train
speech/speech_00294_00006.wav,speech,1.0,train
speech/speech_00294_00007.wav,speech,1.0,train
speech/speech_00294_00008.wav,speech,1.0,train
speech/speech_00294_00009.wav,speech,1.0,train
speech/speech_00304_00000.wav,speech,1.0,train
speech/speech_00304_00001.wav,speech,1.0,train
speech/speech_00304_00002.wav,speech,1.0,train
speech/speech_00307_00000.wav,speech,1.0,train
speech/speech_00307_00001.wav,speech,1.0,train
speech/speech_00307_00002.wav,speech,1.0,train
speech/speech_00307_00003.wav,speech,1.0,train
speech/speech_00307_00004.wav,speech,1.0,train
speech/speech_00307_00005.wav,speech,1.0,train
speech/speech_00313_00000.wav,speech,1.0,train
speech/speech_00313_00001.wav,speech,1.0,train
speech/speech_00313_00002.wav,speech,1.0,train
speech/speech_00313_00003.wav,speech,1.0,train
speech/speech_00313_00004.wav,speech,1.0,train
speech/speech_00313_00005.wav,speech,1.0,train
speech/speech_00319_00000.wav,speech,1.0,train
speech/speech_00319_00001.wav,speech,1.0,train
speech/speech_00319_00002.wav,speech,1.0,train
speech/speech_00322_00000.wav,speech,1.0,train
speech/speech_00322_00001.wav,speech,1.0,train
speech/speech_00322_00002.wav,speech,1.0,train
speech/speech_00325_00000.wav,speech,1.0,train
speech/speech_00325_00001.wav,speech,1.0,train
speech/speech_00325_00002.wav,speech,1.0,train
speech/speech_00328_00000.wav,speech,1.0,train
speech/speech_00328_00001.wav,speech,1.0,train
speech/speech_00328_00002.wav,speech,1.0,train
speech/speech_00328_00003.wav,speech,1.0,train
speech/speech_00328_00004.wav,speech,1.0,train
speech/speech_00328_00005.wav,speech,1.0,train
speech/speech_00328_00006.wav,speech,1.0,train
speech/speech_00328_00007.wav,speech,1.0,train
speech/speech_00336_00000.wav,speech,1.0,train
speech/speech_00336_00001.wav,speech,1.0,train
speech/speech_00336_00002.wav,speech,1.0,train
speech/speech_00336_00003.wav,speech,1.0,train
speech/speech_00336_00004.wav,speech,1.0,train
speech/speech_00336_00005.wav,speech,1.0,train
speech/speech_00336_00006.wav,speech,1.0,train
speech/speech_00336_00007.wav,speech,1.0,train
speech/speech_00336_00008.wav,speech,1.0,train
speech/speech_00336_00009.wav,speech,1.0,train
speech/speech_00336_00010.wav,speech,1.0,train
speech/speech_00336_00011.wav,speech,1.0,train
speech/speech_00336_00012.wav,speech,1.0,train
speech/speech_00336_00013.wav,speech,1.0,train
speech/speech_00350_00000.wav,speech,1.0,train
speech/speech_00350_00001.wav,speech,1.0,train
speech/speech_00350_00002.wav,speech,1.0,train
speech/speech_00350_00003.wav,speech,1.0,train
speech/speech_00350_00004.wav,speech,1.0,train
speech/speech_00350_00005.wav,speech,1.0,train
speech/speech_00350_00006.wav,speech,1.0,train
speech/speech_00350_00007.wav,speech,1.0,train
speech/speech_00350_00008.wav,speech,1.0,train
speech/speech_00350_00009.wav,speech,1.0,train
speech/speech_00350_00010.wav,speech,1.0,train
speech/speech_00350_00011.wav,speech,1.0,train
speech/speech_00350_00012.wav,speech,1.0,train
speech/speech_00363_00000.wav,speech,1.0,train
speech/speech_00363_00001.wav,speech,1.0,train
speech/speech_00363_00002.wav,speech,1.0,train
speech/speech_00363_00003.wav,speech,1.0,train
speech/speech_00363_00004.wav,speech,1.0,train
speech/speech_00368_00000.wav,speech,1.0,train
speech/speech_00368_00001.wav,speech,1.0,train
speech/speech_00368_00002.wav,speech,1.0,train
speech/speech_00368_00003.wav,speech,1.0,train
speech/speech_00368_00004.wav,speech,1.0,train
speech/speech_00368_00005.wav,speech,1.0,train
speech/speech_00368_00006.wav,speech,1.0,train
speech/speech_00368_00007.wav,speech,1.0,train
speech/speech_00376_00000.wav,speech,1.0,train
speech/speech_00376_00001.wav,speech,1.0,train
speech/speech_00376_00002.wav,speech,1.0,train
speech/speech_00376_00003.wav,speech,1.0,train
speech/speech_00376_00004.wav,speech,1.0,train
speech/speech_00376_00005.wav,speech,1.0,train
speech/speech_00376_00006.wav,speech,1.0,train
speech/speech_00376_00007.wav,speech,1.0,train
speech/speech_00384_00000.wav,speech,1.0,train
speech/speech_00384_00001.wav,speech,1.0,train
speech/speech_00384_00002.wav,speech,1.0,train
speech/speech_00384_00003.wav,speech,1.0,train
speech/speech_00384_00004.wav,speech,1.0,train
speech/speech_00384_00005.wav,speech,1.0,train
speech/speech_00390_00000.wav,speech,1.0,train
speech/speech_00390_00001.wav,speech,1.0,train
speech/speech_00390_00002.wav,speech,1.0,train
speech/speech_00390_00003.wav,speech,1.0,train
speech/speech_00390_00004.wav,speech,1.0,train
speech/speech_00395_00000.wav,speech,1.0,train
speech/speech_00395_00001.wav,speech,1.0,train
speech/speech_00395_00002.wav,speech,1.0,train
speech/speech_00395_00003.wav,speech,1.0,train
speech/speech_00395_00004.wav,speech,1.0,train
speech/speech_00395_00005.wav,speech,1.0,train
speech/speech_00395_00006.wav,speech,1.0,train
speech/speech_00395_00007.wav,speech,1.0,train
speech/speech_00395_00008.wav,speech,1.0,train
speech/speech_00395_00009.wav,speech,1.0,train
speech/speech_00395_00010.wav,speech,1.0,train
speech/speech_00406_00000.wav,speech,1.0,train
speech/speech_00406_00001.wav,speech,1.0,train
speech/speech_00406_00002.wav,speech,1.0,train
speech/speech_00406_00003.wav,speech,1.0,train
speech/speech_00406_00004.wav,speech,1.0,train
speech/speech_00406_00005.wav,speech,1.0,train
speech/speech_00406_00006.wav,speech,1.0,train
speech/speech_00406_00007.wav,speech,1.0,train
speech/speech_00406_00008.wav,speech,1.0,train
speech/speech_00406_00009.wav,speech,1.0,train
speech/speech_00406_00010.wav,speech,1.0,train
speech/speech_00406_00011.wav,speech,1.0,train
speech/speech_00406_00012.wav,speech,1.0,train
speech/speech_00406_00013.wav,speech,1.0,train
speech/speech_00406_00014.wav,speech,1.0,train
speech/speech_00406_00015.wav,speech,1.0,train
speech/speech_00406_00016.wav,speech,1.0,train
speech/speech_00406_00017.wav,speech,1.0,train
speech/speech_00406_00018.wav,speech,1.0,train
speech/speech_00406_00019.wav,speech,1.0,train
speech/speech_00426_00000.wav,speech,1.0,train
speech/speech_00426_00001.wav,speech,1.0,train
speech/speech_00426_00002.wav,speech,1.0,train
speech/speech_00426_00003.wav,speech,1.0,train
speech/speech_00426_00004.wav,speech,1.0,train
speech/speech_00426_00005.wav,speech,1.0,train
speech/speech_00426_00006.wav,speech,1.0,train
speech/speech_00426_00007.wav,speech,1.0,train
speech/speech_00426_00008.wav,speech,1.0,train
speech/speech_00426_00009.wav,speech,1.0,train
speech/speech_00426_00010.wav,speech,1.0,train
speech/speech_00426_00011.wav,speech,1.0,train
speech/speech_00426_00012.wav,speech,1.0,train
speech/speech_00439_00000.wav,speech,1.0,train
speech/speech_00439_00001.wav,speech,1.0,train
speech/speech_00439_00002.wav,speech,1.0,train
speech/speech_00439_00003.wav,speech,1.0,train
speech/speech_00439_00004.wav,speech,1.0,train
speech/speech_00439_00005.wav,speech,1.0,train
speech/speech_00439_00006.wav,speech,1.0,train
speech/speech_00439_00007.wav,speech,1.0,train
speech/speech_00439_00008.wav,speech,1.0,train
speech/speech_00439_00009.wav,speech,1.0,train
speech/speech_00439_00010.wav,speech,1.0,train
speech/speech_00450_00000.wav,speech,1.0,train
speech/speech_00450_00001.wav,speech,1.0,train
speech/speech_00450_00002.wav,speech,1.0,train
speech/speech_00453_00000.wav,speech,1.0,train
speech/speech_00453_00001.wav,speech,1.0,train
speech/speech_00453_00002.wav,speech,1.0,train
speech/speech_00456_00000.wav,speech,1.0,train
speech/speech_00456_00001.wav,speech,1.0,train
speech/speech_00458_00000.wav,speech,1.0,train
speech/speech_00458_00001.wav,speech,1.0,train
speech/speech_00458_00002.wav,speech,1.0,train
speech/speech_00458_00003.wav,speech,1.0,train
speech/speech_00458_00004.wav,speech,1.0,train
speech/speech_00458_00005.wav,speech,1.0,train
speech/speech_00458_00006.wav,speech,1.0,train
speech/speech_00458_00007.wav,speech,1.0,train
speech/speech_00458_00008.wav,speech,1.0,train
speech/speech_00458_00009.wav,speech,1.0,train
speech/speech_00468_00000.wav,speech,1.0,train
speech/speech_00468_00001.wav,speech,1.0,train
speech/speech_00468_00002.wav,speech,1.0,train
speech/speech_00468_00003.wav,speech,1.0,train
speech/speech_00468_00004.wav,speech,1.0,train
speech/speech_00468_00005.wav,speech,1.0,train
speech/speech_00468_00006.wav,speech,1.0,train
speech/speech_00468_00007.wav,speech,1.0,train
speech/speech_00468_00008.wav,speech,1.0,train
speech/speech_00477_00000.wav,speech,1.0,train
speech/speech_00477_00001.wav,speech,1.0,train
speech/speech_00477_00002.wav,speech,1.0,train
speech/speech_00477_00003.wav,speech,1.0,train
speech/speech_00477_00004.wav,speech,1.0,train
speech/speech_00482_00000.wav,speech,1.0,train
speech/speech_00482_00001.wav,speech,1.0,train
speech/speech_00484_00000.wav,speech,1.0,train
speech/speech_00484_00001.wav,speech,1.0,train
speech/speech_00484_00002.wav,speech,1.0,train
speech/speech_00484_00003.wav,speech,1.0,train
speech/speech_00484_00004.wav,speech,1.0,train
speech/speech_00484_00005.wav,speech,1.0,train
speech/speech_00484_00006.wav,speech,1.0,train
speech/speech_00484_00007.wav,speech,1.0,train
speech/speech_00484_00008.wav,speech,1.0,train
speech/speech_00493_00000.wav,speech,1.0,train
speech/speech_00493_00001.wav,speech,1.0,train
speech/speech_00493_00002.wav,speech,1.0,train
speech/speech_00493_00003.wav,speech,1.0,train
speech/speech_00493_00004.wav,speech,1.0,train
speech/speech_00493_00005.wav,speech,1.0,train
speech/speech_00493_00006.wav,speech,1.0,train
speech/speech_00493_00007.wav,speech,1.0,train
speech/speech_00493_00008.wav,speech,1.0,train
speech/speech_00493_00009.wav,speech,1.0,train
speech/speech_00493_00010.wav,speech,1.0,train
speech/speech_00493_00011.wav,speech,1.0,train
speech/speech_00493_00012.wav,speech,1.0,train
speech/speech_00506_00000.wav,speech,1.0,train
speech/speech_00506_00001.wav,speech,1.0,train
speech/speech_00506_00002.wav,speech,1.0,train
speech/speech_00506_00003.wav,speech,1.0,train
speech/speech_00506_00004.wav,speech,1.0,train
speech/speech_00506_00005.wav,speech,1.0,train
speech/speech_00512_00000.wav,speech,1.0,train
speech/speech_00512_00001.wav,speech,1.0,train
speech/speech_00512_00002.wav,speech,1.0,train
speech/speech_00515_00000.wav,speech,1.0,train
speech/speech_00515_00001.wav,speech,1.0,train
speech/speech_00515_00002.wav,speech,1.0,train
speech/speech_00515_00003.wav,speech,1.0,train
speech/speech_00515_00004.wav,speech,1.0,train
speech/speech_00515_00005.wav,speech,1.0,train
speech/speech_00515_00006.wav,speech,1.0,train
speech/speech_00515_00007.wav,speech,1.0,train
speech/speech_00515_00008.wav,speech,1.0,train
speech/speech_00515_00009.wav,speech,1.0,train
speech/speech_00515_00010.wav,speech,1.0,train
speech/speech_00515_00011.wav,speech,1.0,train
speech/speech_00515_00012.wav,speech,1.0,train
speech/speech_00528_00000.wav,speech,1.0,train
speech/speech_00528_00001.wav,speech,1.0,train
speech/speech_00528_00002.wav,speech,1.0,train
speech/speech_00531_00000.wav,speech,1.0,train
speech/speech_00531_00001.wav,speech,1.0,train
speech/speech_00531_00002.wav,speech,1.0,train
speech/speech_00531_00003.wav,speech,1.0,train
speech/speech_00535_00000.wav,speech,1.0,train
speech/speech_00535_00001.wav,speech,1.0,train
speech/speech_00535_00002.wav,speech,1.0,train
speech/speech_00535_00003.wav,speech,1.0,train
speech/speech_00539_00000.wav,speech,1.0,train
speech/speech_00539_00001.wav,speech,1.0,train
speech/speech_00539_00002.wav,speech,1.0,train
speech/speech_00539_00003.wav,speech,1.0,train
speech/speech_00539_00004.wav,speech,1.0,train
speech/speech_00544_00000.wav,speech,1.0,train
speech/speech_00544_00001.wav,speech,1.0,train
speech/speech_00544_00002.wav,speech,1.0,train
speech/speech_00544_00003.wav,speech,1.0,train
speech/speech_00544_00004.wav,speech,1.0,train
speech/speech_00544_00005.wav,speech,1.0,train
speech/speech_00544_00006.wav,speech,1.0,train
speech/speech_00544_00007.wav,speech,1.0,train
speech/speech_00544_00008.wav,speech,1.0,train
speech/speech_00544_00009.wav,speech,1.0,train
speech/speech_00554_00000.wav,speech,1.0,train
speech/speech_00554_00001.wav,speech,1.0,train
speech/speech_00554_00002.wav,speech,1.0,train
speech/speech_00554_00003.wav,speech,1.0,train
speech/speech_00554_00004.wav,speech,1.0,train
speech/speech_00554_00005.wav,speech,1.0,train
speech/speech_00554_00006.wav,speech,1.0,train
speech/speech_00554_00007.wav,speech,1.0,train
speech/speech_00554_00008.wav,speech,1.0,train
speech/speech_00554_00009.wav,speech,1.0,train
speech/speech_00564_00000.wav,speech,1.0,train
speech/speech_00564_00001.wav,speech,1.0,train
speech/speech_00564_00002.wav,speech,1.0,train
speech/speech_00564_00003.wav,speech,1.0,train
speech/speech_00568_00000.wav,speech,1.0,train
speech/speech_00568_00001.wav,speech,1.0,train
speech/speech_00568_00002.wav,speech,1.0,train
speech/speech_00568_00003.wav,speech,1.0,train
speech/speech_00568_00004.wav,speech,1.0,train
speech/speech_00568_00005.wav,speech,1.0,train
speech/speech_00568_00006.wav,speech,1.0,train
speech/speech_00568_00007.wav,speech,1.0,train
speech/speech_00568_00008.wav,speech,1.0,train
speech/speech_00568_00009.wav,speech,1.0,train
speech/speech_00568_00010.wav,speech,1.0,train
speech/speech_00568_00011.wav,speech,1.0,train
speech/speech_00568_00012.wav,speech,1.0,train
speech/speech_00568_00013.wav,speech,1.0,train
speech/speech_00568_00014.wav,speech,1.0,train
speech/speech_00568_00015.wav,speech,1.0,train
speech/speech_00584_00000.wav,speech,1.0,train
speech/speech_00584_00001.wav,speech,1.0,train
speech/speech_00586_00000.wav,speech,1.0,train
speech/speech_00586_00001.wav,speech,1.0,train
speech/speech_00586_00002.wav,speech,1.0,train
speech/speech_00586_00003.wav,speech,1.0,train
speech/speech_00586_00004.wav,speech,1.0,train
speech/speech_00586_00005.wav,speech,1.0,train
speech/speech_00586_00006.wav,speech,1.0,train
speech/speech_00593_00000.wav,speech,1.0,train
speech/speech_00593_00001.wav,speech,1.0,train
speech/speech_00595_00000.wav,speech,1.0,train
speech/speech_00595_00001.wav,speech,1.0,train
speech/speech_00595_00002.wav,speech,1.0,train
speech/speech_00595_00003.wav,speech,1.0,train
speech/speech_00595_00004.wav,speech,1.0,train
speech/speech_00595_00005.wav,speech,1.0,train
speech/speech_00601_00000.wav,speech,1.0,train
speech/speech_00601_00001.wav,speech,1.0,train
speech/speech_00601_00002.wav,speech,1.0,train
speech/speech_00604_00000.wav,speech,1.0,train
speech/speech_00604_00001.wav,speech,1.0,train
speech/speech_00604_00002.wav,speech,1.0,train
speech/speech_00604_00003.wav,speech,1.0,train
speech/speech_00604_00004.wav,speech,1.0,train
speech/speech_00604_00005.wav,speech,1.0,train
speech/speech_00604_00006.wav,speech,1.0,train
speech/speech_00604_00007.wav,speech,1.0,train
speech/speech_00604_00008.wav,speech,1.0,train
speech/speech_00604_00009.wav,speech,1.0,train
speech/speech_00604_00010.wav,speech,1.0,train
speech/speech_00604_00011.wav,speech,1.0,train
speech/speech_00604_00012.wav,speech,1.0,train
speech/speech_00604_00013.wav,speech,1.0,train
speech/speech_00604_00014.wav,speech,1.0,train
speech/speech_00604_00015.wav,speech,1.0,train
speech/speech_00620_00000.wav,speech,1.0,train
speech/speech_00620_00001.wav,speech,1.0,train
speech/speech_00620_00002.wav,speech,1.0,train
speech/speech_00620_00003.wav,speech,1.0,train
speech/speech_00620_00004.wav,speech,1.0,train
speech/speech_00620_00005.wav,speech,1.0,train
speech/speech_00620_00006.wav,speech,1.0,train
speech/speech_00620_00007.wav,speech,1.0,train
speech/speech_00620_00008.wav,speech,1.0,train
speech/speech_00620_00009.wav,speech,1.0,train
speech/speech_00630_00000.wav,speech,1.0,train
speech/speech_00630_00001.wav,speech,1.0,train
speech/speech_00630_00002.wav,speech,1.0,train
speech/speech_00630_00003.wav,speech,1.0,train
speech/speech_00630_00004.wav,speech,1.0,train
speech/speech_00630_00005.wav,speech,1.0,train
speech/speech_00630_00006.wav,speech,1.0,train
speech/speech_00630_00007.wav,speech,1.0,train
speech/speech_00630_00008.wav,speech,1.0,train
speech/speech_00630_00009.wav,speech,1.0,train
speech/speech_00630_00010.wav,speech,1.0,train
speech/speech_00641_00000.wav,speech,1.0,train
speech/speech_00641_00001.wav,speech,1.0,train
speech/speech_00641_00002.wav,speech,1.0,train
speech/speech_00641_00003.wav,speech,1.0,train
speech/speech_00641_00004.wav,speech,1.0,train
speech/speech_00646_00000.wav,speech,1.0,train
speech/speech_00646_00001.wav,speech,1.0,train
speech/speech_00646_00002.wav,speech,1.0,train
speech/speech_00646_00003.wav,speech,1.0,train
speech/speech_00646_00004.wav,speech,1.0,train
speech/speech_00646_00005.wav,speech,1.0,train
speech/speech_00646_00006.wav,speech,1.0,train
speech/speech_00646_00007.wav,speech,1.0,train
speech/speech_00654_00000.wav,speech,1.0,train
speech/speech_00654_00001.wav,speech,1.0,train
speech/speech_00656_00000.wav,speech,1.0,train
speech/speech_00656_00001.wav,speech,1.0,train
speech/speech_00656_00002.wav,speech,1.0,train
speech/speech_00659_00000.wav,speech,1.0,train
speech/speech_00659_00001.wav,speech,1.0,train
speech/speech_00659_00002.wav,speech,1.0,train
speech/speech_00662_00000.wav,speech,1.0,train
speech/speech_00662_00001.wav,speech,1.0,train
speech/speech_00662_00002.wav,speech,1.0,train
speech/speech_00665_00000.wav,speech,1.0,train
speech/speech_00666_00000.wav,speech,1.0,train
speech/speech_00666_00001.wav,speech,1.0,train
speech/speech_00668_00000.wav,speech,1.0,train
speech/speech_00668_00001.wav,speech,1.0,train
speech/speech_00668_00002.wav,speech,1.0,train
speech/speech_00668_00003.wav,speech,1.0,train
speech/speech_00672_00000.wav,speech,1.0,train
speech/speech_00672_00001.wav,speech,1.0,train
speech/speech_00672_00002.wav,speech,1.0,train
speech/speech_00672_00003.wav,speech,1.0,train
speech/speech_00672_00004.wav,speech,1.0,train
speech/speech_00672_00005.wav,speech,1.0,train
speech/speech_00672_00006.wav,speech,1.0,train
speech/speech_00672_00007.wav,speech,1.0,train
speech/speech_00672_00008.wav,speech,1.0,train
speech/speech_00681_00000.wav,speech,1.0,train
speech/speech_00681_00001.wav,speech,1.0,train
speech/speech_00681_00002.wav,speech,1.0,train
speech/speech_00681_00003.wav,speech,1.0,train
speech/speech_00681_00004.wav,speech,1.0,train
speech/speech_00681_00005.wav,speech,1.0,train
speech/speech_00681_00006.wav,speech,1.0,train
speech/speech_00681_00007.wav,speech,1.0,train
speech/speech_00689_00000.wav,speech,1.0,train
speech/speech_00689_00001.wav,speech,1.0,train
speech/speech_00689_00002.wav,speech,1.0,train
speech/speech_00689_00003.wav,speech,1.0,train
speech/speech_00689_00004.wav,speech,1.0,train
speech/speech_00689_00005.wav,speech,1.0,train
speech/speech_00689_00006.wav,speech,1.0,train
speech/speech_00689_00007.wav,speech,1.0,train
speech/speech_00689_00008.wav,speech,1.0,train
speech/speech_00689_00009.wav,speech,1.0,train
speech/speech_00689_00010.wav,speech,1.0,train
speech/speech_00700_00000.wav,speech,1.0,train
speech/speech_00700_00001.wav,speech,1.0,train
speech/speech_00702_00000.wav,speech,1.0,train
speech/speech_00702_00001.wav,speech,1.0,train
speech/speech_00704_00000.wav,speech,1.0,train
speech/speech_00704_00001.wav,speech,1.0,train
speech/speech_00704_00002.wav,speech,1.0,train
speech/speech_00704_00003.wav,speech,1.0,train
speech/speech_00704_00004.wav,speech,1.0,train
speech/speech_00704_00005.wav,speech,1.0,train
speech/speech_00704_00006.wav,speech,1.0,train
speech/speech_00711_00000.wav,speech,1.0,train
speech/speech_00711_00001.wav,speech,1.0,train
speech/speech_00711_00002.wav,speech,1.0,train
speech/speech_00714_00000.wav,speech,1.0,train
speech/speech_00714_00001.wav,speech,1.0,train
speech/speech_00714_00002.wav,speech,1.0,train
speech/speech_00714_00003.wav,speech,1.0,train
speech/speech_00718_00000.wav,speech,1.0,train
speech/speech_00718_00001.wav,speech,1.0,train
speech/speech_00718_00002.wav,speech,1.0,train
speech/speech_00718_00003.wav,speech,1.0,train
speech/speech_00718_00004.wav,speech,1.0,train
speech/speech_00718_00005.wav,speech,1.0,train
speech/speech_00718_00006.wav,speech,1.0,train
speech/speech_00718_00007.wav,speech,1.0,train
speech/speech_00718_00008.wav,speech,1.0,train
speech/speech_00718_00009.wav,speech,1.0,train
speech/speech_00718_00010.wav,speech,1.0,train
speech/speech_00718_00011.wav,speech,1.0,train
speech/speech_00718_00012.wav,speech,1.0,train
speech/speech_00718_00013.wav,speech,1.0,train
speech/speech_00718_00014.wav,speech,1.0,train
speech/speech_00733_00000.wav,speech,1.0,train
speech/speech_00733_00001.wav,speech,1.0,train
speech/speech_00733_00002.wav,speech,1.0,train
speech/speech_00733_00003.wav,speech,1.0,train
speech/speech_00733_00004.wav,speech,1.0,train
speech/speech_00733_00005.wav,speech,1.0,train
speech/speech_00733_00006.wav,speech,1.0,train
speech/speech_00733_00007.wav,speech,1.0,train
speech/speech_00733_00008.wav,speech,1.0,train
speech/speech_00733_00009.wav,speech,1.0,train
speech/speech_00733_00010.wav,speech,1.0,train
speech/speech_00733_00011.wav,speech,1.0,train
speech/speech_00745_00000.wav,speech,1.0,train
speech/speech_00745_00001.wav,speech,1.0,train
speech/speech_00745_00002.wav,speech,1.0,train
speech/speech_00745_00003.wav,speech,1.0,train
speech/speech_00745_00004.wav,speech,1.0,train
speech/speech_00750_00000.wav,speech,1.0,train
speech/speech_00750_00001.wav,speech,1.0,train
speech/speech_00750_00002.wav,speech,1.0,train
speech/speech_00750_00003.wav,speech,1.0,train
speech/speech_00750_00004.wav,speech,1.0,train
speech/speech_00750_00005.wav,speech,1.0,train
speech/speech_00750_00006.wav,speech,1.0,train
speech/speech_00750_00007.wav,speech,1.0,train
speech/speech_00750_00008.wav,speech,1.0,train
speech/speech_00750_00009.wav,speech,1.0,train
speech/speech_00750_00010.wav,speech,1.0,train
speech/speech_00750_00011.wav,speech,1.0,train
speech/speech_00750_00012.wav,speech,1.0,train
speech/speech_00763_00000.wav,speech,1.0,train
speech/speech_00763_00001.wav,speech,1.0,train
speech/speech_00763_00002.wav,speech,1.0,train
speech/speech_00763_00003.wav,speech,1.0,train
speech/speech_00763_00004.wav,speech,1.0,train
speech/speech_00768_00000.wav,speech,1.0,train
speech/speech_00768_00001.wav,speech,1.0,train
speech/speech_00770_00000.wav,speech,1.0,train
speech/speech_00770_00001.wav,speech,1.0,train
speech/speech_00770_00002.wav,speech,1.0,train
speech/speech_00770_00003.wav,speech,1.0,train
speech/speech_00770_00004.wav,speech,1.0,train
speech/speech_00775_00000.wav,speech,1.0,train
speech/speech_00775_00001.wav,speech,1.0,train
speech/speech_00775_00002.wav,speech,1.0,train
speech/speech_00778_00000.wav,speech,1.0,train
speech/speech_00778_00001.wav,speech,1.0,train
speech/speech_00778_00002.wav,speech,1.0,train
speech/speech_00778_00003.wav,speech,1.0,train
speech/speech_00778_00004.wav,speech,1.0,train
speech/speech_00778_00005.wav,speech,1.0,train
speech/speech_00778_00006.wav,speech,1.0,train
speech/speech_00778_00007.wav,speech,1.0,train
speech/speech_00778_00008.wav,speech,1.0,train
speech/speech_00787_00000.wav,speech,1.0,train
speech/speech_00787_00001.wav,speech,1.0,train
speech/speech_00787_00002.wav,speech,1.0,train
speech/speech_00787_00003.wav,speech,1.0,train
speech/speech_00787_00004.wav,speech,1.0,train
speech/speech_00787_00005.wav,speech,1.0,train
speech/speech_00793_00000.wav,speech,1.0,train
speech/speech_00793_00001.wav,speech,1.0,train
speech/speech_00793_00002.wav,speech,1.0,train
speech/speech_00793_00003.wav,speech,1.0,train
speech/speech_00797_00000.wav,speech,1.0,train
speech/speech_00797_00001.wav,speech,1.0,train
speech/speech_00799_00000.wav,speech,1.0,train
speech/speech_00799_00001.wav,speech,1.0,train
speech/speech_00799_00002.wav,speech,1.0,train
speech/speech_00802_00000.wav,speech,1.0,train
speech/speech_00802_00001.wav,speech,1.0,train
speech/speech_00802_00002.wav,speech,1.0,train
speech/speech_00805_00000.wav,speech,1.0,train
speech/speech_00805_00001.wav,speech,1.0,train
speech/speech_00807_00000.wav,speech,1.0,train
speech/speech_00807_00001.wav,speech,1.0,train
speech/speech_00807_00002.wav,speech,1.0,train
speech/speech_00807_00003.wav,speech,1.0,train
speech/speech_00807_00004.wav,speech,1.0,train
speech/speech_00812_00000.wav,speech,1.0,train
speech/speech_00812_00001.wav,speech,1.0,train
speech/speech_00812_00002.wav,speech,1.0,train
speech/speech_00812_00003.wav,speech,1.0,train
speech/speech_00812_00004.wav,speech,1.0,train
speech/speech_00812_00005.wav,speech,1.0,train
speech/speech_00812_00006.wav,speech,1.0,train
speech/speech_00812_00007.wav,speech,1.0,train
speech/speech_00812_00008.wav,speech,1.0,train
speech/speech_00821_00000.wav,speech,1.0,train
speech/speech_00821_00001.wav,speech,1.0,train
speech/speech_00821_00002.wav,speech,1.0,train
speech/speech_00821_00003.wav,speech,1.0,train
speech/speech_00825_00000.wav,speech,1.0,train
speech/speech_00825_00001.wav,speech,1.0,train
speech/speech_00825_00002.wav,speech,1.0,train
speech/speech_00825_00003.wav,speech,1.0,train
speech/speech_00829_00000.wav,speech,1.0,train
speech/speech_00829_00001.wav,speech,1.0,train
speech/speech_00829_00002.wav,speech,1.0,train
speech/speech_00829_00003.wav,speech,1.0,train
speech/speech_00829_00004.wav,speech,1.0,train
speech/speech_00829_00005.wav,speech,1.0,train
speech/speech_00829_00006.wav,speech,1.0,train
speech/speech_00829_00007.wav,speech,1.0,train
speech/speech_00837_00000.wav,speech,1.0,train
speech/speech_00837_00001.wav,speech,1.0,train
speech/speech_00837_00002.wav,speech,1.0,train
speech/speech_00837_00003.wav,speech,1.0,train
speech/speech_00841_00000.wav,speech,1.0,train
speech/speech_00841_00001.wav,speech,1.0,train
speech/speech_00841_00002.wav,speech,1.0,train
speech/speech_00841_00003.wav,speech,1.0,train
speech/speech_00845_00000.wav,speech,1.0,train
speech/speech_00845_00001.wav,speech,1.0,train
speech/speech_00845_00002.wav,speech,1.0,train
speech/speech_00845_00003.wav,speech,1.0,train
speech/speech_00845_00004.wav,speech,1.0,train
speech/speech_00850_00000.wav,speech,1.0,train
speech/speech_00850_00001.wav,speech,1.0,train
speech/speech_00850_00002.wav,speech,1.0,train
speech/speech_00853_00000.wav,speech,1.0,train
speech/speech_00853_00001.wav,speech,1.0,train
speech/speech_00855_00000.wav,speech,1.0,train
speech/speech_00855_00001.wav,speech,1.0,train
speech/speech_00855_00002.wav,speech,1.0,train
speech/speech_00855_00003.wav,speech,1.0,train
speech/speech_00855_00004.wav,speech,1.0,train
speech/speech_00855_00005.wav,speech,1.0,train
speech/speech_00855_00006.wav,speech,1.0,train
speech/speech_00855_00007.wav,speech,1.0,train
speech/speech_00855_00008.wav,speech,1.0,train
speech/speech_00864_00000.wav,speech,1.0,train
speech/speech_00864_00001.wav,speech,1.0,train
speech/speech_00864_00002.wav,speech,1.0,train
speech/speech_00864_00003.wav,speech,1.0,train
speech/speech_00864_00004.wav,speech,1.0,train
speech/speech_00864_00005.wav,speech,1.0,train
speech/speech_00864_00006.wav,speech,1.0,train
speech/speech_00864_00007.wav,speech,1.0,train
speech/speech_00864_00008.wav,speech,1.0,train
speech/speech_00873_00000.wav,speech,1.0,train
speech/speech_00873_00001.wav,speech,1.0,train
speech/speech_00873_00002.wav,speech,1.0,train
speech/speech_00873_00003.wav,speech,1.0,train
speech/speech_00873_00004.wav,speech,1.0,train
speech/speech_00873_00005.wav,speech,1.0,train
speech/speech_00873_00006.wav,speech,1.0,train
speech/speech_00873_00007.wav,speech,1.0,train
speech/speech_00873_00008.wav,speech,1.0,train
speech/speech_00873_00009.wav,speech,1.0,train
speech/speech_00883_00000.wav,speech,1.0,train
speech/speech_00883_00001.wav,speech,1.0,train
speech/speech_00883_00002.wav,speech,1.0,train
speech/speech_00883_00003.wav,speech,1.0,train
speech/speech_00887_00000.wav,speech,1.0,train
speech/speech_00887_00001.wav,speech,1.0,train
speech/speech_00887_00002.wav,speech,1.0,train
speech/speech_00887_00003.wav,speech,1.0,train
speech/speech_00887_00004.wav,speech,1.0,train
speech/speech_00887_00005.wav,speech,1.0,train
speech/speech_00887_00006.wav,speech,1.0,train
speech/speech_00887_00007.wav,speech,1.0,train
speech/speech_00887_00008.wav,speech,1.0,train
speech/speech_00887_00009.wav,speech,1.0,train
speech/speech_00887_00010.wav,speech,1.0,train
speech/speech_00887_00011.wav,speech,1.0,train
speech/speech_00887_00012.wav,speech,1.0,train
speech/speech_00887_00013.wav,speech,1.0,train
speech/speech_00887_00014.wav,speech,1.0,train
speech/speech_00887_00015.wav,speech,1.0,train
speech/speech_00887_00016.wav,speech,1.0,train
speech/speech_00887_00017.wav,speech,1.0,train
speech/speech_00887_00018.wav,speech,1.0,train
speech/speech_00887_00019.wav,speech,1.0,train
speech/speech_00907_00000.wav,speech,1.0,train
speech/speech_00907_00001.wav,speech,1.0,train
speech/speech_00907_00002.wav,speech,1.0,train
speech/speech_00907_00003.wav,speech,1.0,train
speech/speech_00907_00004.wav,speech,1.0,train
speech/speech_00907_00005.wav,speech,1.0,train
speech/speech_00907_00006.wav,speech,1.0,train
speech/speech_00907_00007.wav,speech,1.0,train
speech/speech_00907_00008.wav,speech,1.0,train
speech/speech_00907_00009.wav,speech,1.0,train
speech/speech_00907_00010.wav,speech,1.0,train
speech/speech_00907_00011.wav,speech,1.0,train
speech/speech_00907_00012.wav,speech,1.0,train
speech/speech_00907_00013.wav,speech,1.0,train
speech/speech_00907_00014.wav,speech,1.0,train
speech/speech_00907_00015.wav,speech,1.0,train
speech/speech_00907_00016.wav,speech,1.0,train
speech/speech_00907_00017.wav,speech,1.0,train
speech/speech_00925_00000.wav,speech,1.0,train
speech/speech_00925_00001.wav,speech,1.0,train
speech/speech_00925_00002.wav,speech,1.0,train
speech/speech_00925_00003.wav,speech,1.0,train
speech/speech_00925_00004.wav,speech,1.0,train
speech/speech_00930_00000.wav,speech,1.0,train
speech/speech_00930_00001.wav,speech,1.0,train
speech/speech_00930_00002.wav,speech,1.0,train
speech/speech_00930_00003.wav,speech,1.0,train
speech/speech_00934_00000.wav,speech,1.0,train
speech/speech_00934_00001.wav,speech,1.0,train
speech/speech_00934_00002.wav,speech,1.0,train
speech/speech_00934_00003.wav,speech,1.0,train
speech/speech_00934_00004.wav,speech,1.0,train
speech/speech_00934_00005.wav,speech,1.0,train
speech/speech_00934_00006.wav,speech,1.0,train
speech/speech_00934_00007.wav,speech,1.0,train
speech/speech_00934_00008.wav,speech,1.0,train
speech/speech_00934_00009.wav,speech,1.0,train
speech/speech_00944_00000.wav,speech,1.0,train
speech/speech_00944_00001.wav,speech,1.0,train
speech/speech_00944_00002.wav,speech,1.0,train
speech/speech_00944_00003.wav,speech,1.0,train
speech/speech_00944_00004.wav,speech,1.0,train
speech/speech_00944_00005.wav,speech,1.0,train
speech/speech_00950_00000.wav,speech,1.0,train
speech/speech_00950_00001.wav,speech,1.0,train
speech/speech_00950_00002.wav,speech,1.0,train
speech/speech_00953_00000.wav,speech,1.0,train
speech/speech_00953_00001.wav,speech,1.0,train
speech/speech_00953_00002.wav,speech,1.0,train
speech/speech_00956_00000.wav,speech,1.0,train
speech/speech_00956_00001.wav,speech,1.0,train
speech/speech_00956_00002.wav,speech,1.0,train
speech/speech_00956_00003.wav,speech,1.0,train
speech/speech_00960_00000.wav,speech,1.0,train
speech/speech_00960_00001.wav,speech,1.0,train
speech/speech_00960_00002.wav,speech,1.0,train
speech/speech_00963_00000.wav,speech,1.0,train
speech/speech_00963_00001.wav,speech,1.0,train
speech/speech_00963_00002.wav,speech,1.0,train
speech/speech_00963_00003.wav,speech,1.0,train
speech/speech_00963_00004.wav,speech,1.0,train
speech/speech_00963_00005.wav,speech,1.0,train
speech/speech_00969_00000.wav,speech,1.0,train
speech/speech_00969_00001.wav,speech,1.0,train
speech/speech_00969_00002.wav,speech,1.0,train
speech/speech_00972_00000.wav,speech,1.0,train
speech/speech_00972_00001.wav,speech,1.0,train
speech/speech_00972_00002.wav,speech,1.0,train
speech/speech_00972_00003.wav,speech,1.0,train
speech/speech_00972_00004.wav,speech,1.0,train
speech/speech_00972_00005.wav,speech,1.0,train
speech/speech_00972_00006.wav,speech,1.0,train
speech/speech_00979_00000.wav,speech,1.0,train
speech/speech_00979_00001.wav,speech,1.0,train
speech/speech_00981_00000.wav,speech,1.0,train
speech/speech_00981_00001.wav,speech,1.0,train
speech/speech_00981_00002.wav,speech,1.0,train
speech/speech_00981_00003.wav,speech,1.0,train
speech/speech_00981_00004.wav,speech,1.0,train
speech/speech_00981_00005.wav,speech,1.0,train
speech/speech_00987_00000.wav,speech,1.0,train
speech/speech_00987_00001.wav,speech,1.0,train
speech/speech_00987_00002.wav,speech,1.0,train
speech/speech_00987_00003.wav,speech,1.0,train
speech/speech_00991_00000.wav,speech,1.0,train
speech/speech_00991_00001.wav,speech,1.0,train
speech/speech_00991_00002.wav,speech,1.0,train
speech/speech_00991_00003.wav,speech,1.0,train
speech/speech_00991_00004.wav,speech,1.0,train
speech/speech_00991_00005.wav,speech,1.0,train
speech/speech_00991_00006.wav,speech,1.0,train
speech/speech_00991_00007.wav,speech,1.0,train
speech/speech_00999_00000.wav,speech,1.0,train
speech/speech_00999_00001.wav,speech,1.0,train
speech/speech_00999_00002.wav,speech,1.0,train
speech/speech_00999_00003.wav,speech,1.0,train
speech/speech_00999_00004.wav,speech,1.0,train
speech/speech_00999_00005.wav,speech,1.0,train
speech/speech_00999_00006.wav,speech,1.0,train
speech/speech_00999_00007.wav,speech,1.0,train
speech/speech_00999_00008.wav,speech,1.0,train
speech/speech_00999_00009.wav,speech,1.0,train
speech/speech_00999_00010.wav,speech,1.0,train
speech/speech_00999_00011.wav,speech,1.0,train
speech/speech_00999_00012.wav,speech,1.0,train
speech/speech_00999_00013.wav,speech,1.0,train
speech/speech_01013_00000.wav,speech,1.0,train
speech/speech_01013_00001.wav,speech,1.0,train
speech/speech_01013_00002.wav,speech,1.0,train
speech/speech_01013_00003.wav,speech,1.0,train
speech/speech_01013_00004.wav,speech,1.0,train
speech/speech_01013_00005.wav,speech,1.0,train
speech/speech_01013_00006.wav,speech,1.0,train
speech/speech_01013_00007.wav,speech,1.0,train
speech/speech_01013_00008.wav,speech,1.0,train
speech/speech_01013_00009.wav,speech,1.0,train
speech/speech_01013_00010.wav,speech,1.0,train
speech/speech_01013_00011.wav,speech,1.0,train
speech/speech_01013_00012.wav,speech,1.0,train
speech/speech_01013_00013.wav,speech,1.0,train
speech/speech_01027_00000.wav,speech,1.0,train
speech/speech_01027_00001.wav,speech,1.0,train
speech/speech_01027_00002.wav,speech,1.0,train
speech/speech_01027_00003.wav,speech,1.0,train
speech/speech_01027_00004.wav,speech,1.0,train
speech/speech_01027_00005.wav,speech,1.0,train
speech/speech_01027_00006.wav,speech,1.0,train
speech/speech_01027_00007.wav,speech,1.0,train
speech/speech_01027_00008.wav,speech,1.0,train
speech/speech_01036_00000.wav,speech,1.0,train
speech/speech_01036_00001.wav,speech,1.0,train
speech/speech_01036_00002.wav,speech,1.0,train
speech/speech_01039_00000.wav,speech,1.0,train
speech/speech_01039_00001.wav,speech,1.0,train
speech/speech_01039_00002.wav,speech,1.0,train
speech/speech_01042_00000.wav,speech,1.0,train
speech/speech_01042_00001.wav,speech,1.0,train
speech/speech_01042_00002.wav,speech,1.0,train
speech/speech_01042_00003.wav,speech,1.0,train
speech/speech_01042_00004.wav,speech,1.0,train
speech/speech_01047_00000.wav,speech,1.0,train
speech/speech_01047_00001.wav,speech,1.0,train
speech/speech_01047_00002.wav,speech,1.0,train
speech/speech_01047_00003.wav,speech,1.0,train
speech/speech_01047_00004.wav,speech,1.0,train
speech/speech_01047_00005.wav,speech,1.0,train
speech/speech_01047_00006.wav,speech,1.0,train
speech/speech_01047_00007.wav,speech,1.0,train
speech/speech_01055_00000.wav,speech,1.0,train
speech/speech_01055_00001.wav,speech,1.0,train
speech/speech_01055_00002.wav,speech,1.0,train
speech/speech_01055_00003.wav,speech,1.0,train
speech/speech_01059_00000.wav,speech,1.0,train
speech/speech_01059_00001.wav,speech,1.0,train
speech/speech_01059_00002.wav,speech,1.0,train
speech/speech_01059_00003.wav,speech,1.0,train
speech/speech_01059_00004.wav,speech,1.0,train
speech/speech_01059_00005.wav,speech,1.0,train
speech/speech_01059_00006.wav,speech,1.0,train
speech/speech_01066_00000.wav,speech,1.0,train
speech/speech_01066_00001.wav,speech,1.0,train
speech/speech_01066_00002.wav,speech,1.0,train
speech/speech_01066_00003.wav,speech,1.0,train
speech/speech_01066_00004.wav,speech,1.0,train
speech/speech_01066_00005.wav,speech,1.0,train
speech/speech_01066_00006.wav,speech,1.0,train
speech/speech_01066_00007.wav,speech,1.0,train
speech/speech_01066_00008.wav,speech,1.0,train
speech/speech_01066_00009.wav,speech,1.0,train
speech/speech_01066_00010.wav,speech,1.0,train
speech/speech_01066_00011.wav,speech,1.0,train
speech/speech_01066_00012.wav,speech,1.0,train
speech/speech_01079_00000.wav,speech,1.0,train
speech/speech_01079_00001.wav,speech,1.0,train
speech/speech_01079_00002.wav,speech,1.0,train
speech/speech_01079_00003.wav,speech,1.0,train
speech/speech_01079_00004.wav,speech,1.0,train
speech/speech_01079_00005.wav,speech,1.0,train
speech/speech_01079_00006.wav,speech,1.0,train
speech/speech_01079_00007.wav,speech,1.0,train
speech/speech_01079_00008.wav,speech,1.0,train
speech/speech_01079_00009.wav,speech,1.0,train
speech/speech_01079_00010.wav,speech,1.0,train
speech/speech_01079_00011.wav,speech,1.0,train
speech/speech_01091_00000.wav,speech,1.0,train
speech/speech_01091_00001.wav,speech,1.0,train
speech/speech_01091_00002.wav,speech,1.0,train
speech/speech_01091_00003.wav,speech,1.0,train
speech/speech_01091_00004.wav,speech,1.0,train
speech/speech_01091_00005.wav,speech,1.0,train
speech/speech_01091_00006.wav,speech,1.0,train
speech/speech_01091_00007.wav,speech,1.0,train
speech/speech_01091_00008.wav,speech,1.0,train
speech/speech_01091_00009.wav,speech,1.0,train
speech/speech_01091_00010.wav,speech,1.0,train
speech/speech_01091_00011.wav,speech,1.0,train
speech/speech_01091_00012.wav,speech,1.0,train
speech/speech_01091_00013.wav,speech,1.0,train
speech/speech_01091_00014.wav,speech,1.0,train
speech/speech_01091_00015.wav,speech,1.0,train
speech/speech_01091_00016.wav,speech,1.0,train
speech/speech_01091_00017.wav,speech,1.0,train
speech/speech_01091_00018.wav,speech,1.0,train
speech/speech_01091_00019.wav,speech,1.0,train
speech/speech_01111_00000.wav,speech,1.0,train
speech/speech_01111_00001.wav,speech,1.0,train
speech/speech_01113_00000.wav,speech,1.0,train
speech/speech_01113_00001.wav,speech,1.0,train
speech/speech_01113_00002.wav,speech,1.0,train
speech/speech_01113_00003.wav,speech,1.0,train
speech/speech_01113_00004.wav,speech,1.0,train
speech/speech_01113_00005.wav,speech,1.0,train
speech/speech_01113_00006.wav,speech,1.0,train
speech/speech_01113_00007.wav,speech,1.0,train
speech/speech_01121_00000.wav,speech,1.0,train
speech/speech_01121_00001.wav,speech,1.0,train
speech/speech_01121_00002.wav,speech,1.0,train
speech/speech_01124_00000.wav,speech,1.0,train
speech/speech_01124_00001.wav,speech,1.0,train
speech/speech_01124_00002.wav,speech,1.0,train
speech/speech_01124_00003.wav,speech,1.0,train
speech/speech_01124_00004.wav,speech,1.0,train
speech/speech_01129_00000.wav,speech,1.0,train
speech/speech_01129_00001.wav,speech,1.0,train
speech/speech_01129_00002.wav,speech,1.0,train
speech/speech_01129_00003.wav,speech,1.0,train
speech/speech_01129_00004.wav,speech,1.0,train
speech/speech_01129_00005.wav,speech,1.0,train
speech/speech_01135_00000.wav,speech,1.0,train
speech/speech_01135_00001.wav,speech,1.0,train
speech/speech_01135_00002.wav,speech,1.0,train
speech/speech_01135_00003.wav,speech,1.0,train
speech/speech_01135_00004.wav,speech,1.0,train
speech/speech_01135_00005.wav,speech,1.0,train
speech/speech_01135_00006.wav,speech,1.0,train
speech/speech_01135_00007.wav,speech,1.0,train
speech/speech_01135_00008.wav,speech,1.0,train
speech/speech_01135_00009.wav,speech,1.0,train
speech/speech_01135_00010.wav,speech,1.0,train
speech/speech_01135_00011.wav,speech,1.0,train
speech/speech_01135_00012.wav,speech,1.0,train
speech/speech_01135_00013.wav,speech,1.0,train
speech/speech_01135_00014.wav,speech,1.0,train
speech/speech_01135_00015.wav,speech,1.0,train
speech/speech_01135_00016.wav,speech,1.0,train
speech/speech_01135_00017.wav,speech,1.0,train
speech/speech_01135_00018.wav,speech,1.0,train
speech/speech_01135_00019.wav,speech,1.0,train
speech/speech_01135_00020.wav,speech,1.0,train
speech/speech_01135_00021.wav,speech,1.0,train
speech/speech_01135_00022.wav,speech,1.0,train
speech/speech_01135_00023.wav,speech,1.0,train
speech/speech_01135_00024.wav,speech,1.0,train
speech/speech_01135_00025.wav,speech,1.0,train
speech/speech_01161_00000.wav,speech,1.0,train
speech/speech_01161_00001.wav,speech,1.0,train
speech/speech_01161_00002.wav,speech,1.0,train
speech/speech_01164_00000.wav,speech,1.0,train
speech/speech_01164_00001.wav,speech,1.0,train
speech/speech_01164_00002.wav,speech,1.0,train
speech/speech_01164_00003.wav,speech,1.0,train
speech/speech_01164_00004.wav,speech,1.0,train
speech/speech_01169_00000.wav,speech,1.0,train
speech/speech_01169_00001.wav,speech,1.0,train
speech/speech_01169_00002.wav,speech,1.0,train
speech/speech_01172_00000.wav,speech,1.0,train
speech/speech_01172_00001.wav,speech,1.0,train
speech/speech_01172_00002.wav,speech,1.0,train
speech/speech_01172_00003.wav,speech,1.0,train
speech/speech_01172_00004.wav,speech,1.0,train
speech/speech_01172_00005.wav,speech,1.0,train
speech/speech_01172_00006.wav,speech,1.0,train
speech/speech_01172_00007.wav,speech,1.0,train
speech/speech_01172_00008.wav,speech,1.0,train
speech/speech_01172_00009.wav,speech,1.0,train
speech/speech_01172_00010.wav,speech,1.0,train
speech/speech_01172_00011.wav,speech,1.0,train
speech/speech_01172_00012.wav,speech,1.0,train
speech/speech_01185_00000.wav,speech,1.0,train
speech/speech_01185_00001.wav,speech,1.0,train
speech/speech_01185_00002.wav,speech,1.0,train
speech/speech_01188_00000.wav,speech,1.0,train
speech/speech_01188_00001.wav,speech,1.0,train
speech/speech_01188_00002.wav,speech,1.0,train
speech/speech_01188_00003.wav,speech,1.0,train
speech/speech_01188_00004.wav,speech,1.0,train
speech/speech_01188_00005.wav,speech,1.0,train
speech/speech_01188_00006.wav,speech,1.0,train
speech/speech_01188_00007.wav,speech,1.0,train
speech/speech_01188_00008.wav,speech,1.0,train
speech/speech_01188_00009.wav,speech,1.0,train
speech/speech_01198_00000.wav,speech,1.0,train
speech/speech_01198_00001.wav,speech,1.0,train
speech/speech_01198_00002.wav,speech,1.0,train
speech/speech_01198_00003.wav,speech,1.0,train
speech/speech_01198_00004.wav,speech,1.0,train
speech/speech_01203_00000.wav,speech,1.0,train
speech/speech_01203_00001.wav,speech,1.0,train
speech/speech_01203_00002.wav,speech,1.0,train
speech/speech_01203_00003.wav,speech,1.0,train
speech/speech_01203_00004.wav,speech,1.0,train
speech/speech_01203_00005.wav,speech,1.0,train
speech/speech_01209_00000.wav,speech,1.0,train
speech/speech_01209_00001.wav,speech,1.0,train
speech/speech_01209_00002.wav,speech,1.0,train
speech/speech_01209_00003.wav,speech,1.0,train
speech/speech_01209_00004.wav,speech,1.0,train
speech/speech_01209_00005.wav,speech,1.0,train
speech/speech_01209_00006.wav,speech,1.0,train
speech/speech_01209_00007.wav,speech,1.0,train
speech/speech_01209_00008.wav,speech,1.0,train
speech/speech_01209_00009.wav,speech,1.0,train
speech/speech_01209_00010.wav,speech,1.0,train
speech/speech_01209_00011.wav,speech,1.0,train
speech/speech_01221_00000.wav,speech,1.0,train
speech/speech_01221_00001.wav,speech,1.0,train
speech/speech_01221_00002.wav,speech,1.0,train
speech/speech_01221_00003.wav,speech,1.0,train
speech/speech_01225_00000.wav,speech,1.0,train
speech/speech_01225_00001.wav,speech,1.0,train
speech/speech_01225_00002.wav,speech,1.0,train
speech/speech_01225_00003.wav,speech,1.0,train
speech/speech_01225_00004.wav,speech,1.0,train
speech/speech_01225_00005.wav,speech,1.0,train
speech/speech_01225_00006.wav,speech,1.0,train
speech/speech_01225_00007.wav,speech,1.0,train
speech/speech_01225_00008.wav,speech,1.0,train
speech/speech_01234_00000.wav,speech,1.0,train
speech/speech_01234_00001.wav,speech,1.0,train
speech/speech_01234_00002.wav,speech,1.0,train
speech/speech_01234_00003.wav,speech,1.0,train
speech/speech_01234_00004.wav,speech,1.0,train
speech/speech_01234_00005.wav,speech,1.0,train
speech/speech_01234_00006.wav,speech,1.0,train
speech/speech_01234_00007.wav,speech,1.0,train
speech/speech_01234_00008.wav,speech,1.0,train
speech/speech_01234_00009.wav,speech,1.0,train
speech/speech_01234_00010.wav,speech,1.0,train
speech/speech_01234_00011.wav,speech,1.0,train
speech/speech_01234_00012.wav,speech,1.0,train
speech/speech_01234_00013.wav,speech,1.0,train
speech/speech_01234_00014.wav,speech,1.0,train
speech/speech_01249_00000.wav,speech,1.0,train
speech/speech_01249_00001.wav,speech,1.0,train
speech/speech_01249_00002.wav,speech,1.0,train
speech/speech_01249_00003.wav,speech,1.0,train
speech/speech_01249_00004.wav,speech,1.0,train
speech/speech_01249_00005.wav,speech,1.0,train
speech/speech_01249_00006.wav,speech,1.0,train
speech/speech_01249_00007.wav,speech,1.0,train
speech/speech_01249_00008.wav,speech,1.0,train
speech/speech_01249_00009.wav,speech,1.0,train
speech/speech_01249_00010.wav,speech,1.0,train
speech/speech_01249_00011.wav,speech,1.0,train
speech/speech_01249_00012.wav,speech,1.0,train
speech/speech_01249_00013.wav,speech,1.0,train
speech/speech_01263_00000.wav,speech,1.0,train
speech/speech_01263_00001.wav,speech,1.0,train
speech/speech_01263_00002.wav,speech,1.0,train
speech/speech_01263_00003.wav,speech,1.0,train
speech/speech_01263_00004.wav,speech,1.0,train
speech/speech_01263_00005.wav,speech,1.0,train
speech/speech_01263_00006.wav,speech,1.0,train
speech/speech_01270_00000.wav,speech,1.0,train
speech/speech_01270_00001.wav,speech,1.0,train
speech/speech_01272_00000.wav,speech,1.0,train
speech/speech_01272_00001.wav,speech,1.0,train
speech/speech_01272_00002.wav,speech,1.0,train
speech/speech_01272_00003.wav,speech,1.0,train
speech/speech_01272_00004.wav,speech,1.0,train
speech/speech_01272_00005.wav,speech,1.0,train
speech/speech_01278_00000.wav,speech,1.0,train
speech/speech_01278_00001.wav,speech,1.0,train
speech/speech_01278_00002.wav,speech,1.0,train
speech/speech_01278_00003.wav,speech,1.0,train
speech/speech_01278_00004.wav,speech,1.0,train
speech/speech_01278_00005.wav,speech,1.0,train
speech/speech_01278_00006.wav,speech,1.0,train
speech/speech_01278_00007.wav,speech,1.0,train
speech/speech_01278_00008.wav,speech,1.0,train
speech/speech_01278_00009.wav,speech,1.0,train
speech/speech_01278_00010.wav,speech,1.0,train
speech/speech_01278_00011.wav,speech,1.0,train
speech/speech_01278_00012.wav,speech,1.0,train
speech/speech_01291_00000.wav,speech,1.0,train
speech/speech_01291_00001.wav,speech,1.0,train
speech/speech_01291_00002.wav,speech,1.0,train
speech/speech_01291_00003.wav,speech,1.0,train
speech/speech_01291_00004.wav,speech,1.0,train
speech/speech_01291_00005.wav,speech,1.0,train
speech/speech_01297_00000.wav,speech,1.0,train
speech/speech_01297_00001.wav,speech,1.0,train
speech/speech_01297_00002.wav,speech,1.0,train
speech/speech_01297_00003.wav,speech,1.0,train
speech/speech_01297_00004.wav,speech,1.0,train
speech/speech_01297_00005.wav,speech,1.0,train
speech/speech_01303_00000.wav,speech,1.0,train
speech/speech_01303_00001.wav,speech,1.0,train
speech/speech_01303_00002.wav,speech,1.0,train
speech/speech_01303_00003.wav,speech,1.0,train
speech/speech_01307_00000.wav,speech,1.0,train
speech/speech_01307_00001.wav,speech,1.0,train
speech/speech_01307_00002.wav,speech,1.0,train
speech/speech_01307_00003.wav,speech,1.0,train
speech/speech_01307_00004.wav,speech,1.0,train
speech/speech_01307_00005.wav,speech,1.0,train
speech/speech_01313_00000.wav,speech,1.0,train
speech/speech_01313_00001.wav,speech,1.0,train
speech/speech_01313_00002.wav,speech,1.0,train
speech/speech_01313_00003.wav,speech,1.0,train
speech/speech_01313_00004.wav,speech,1.0,train
speech/speech_01313_00005.wav,speech,1.0,train
speech/speech_01313_00006.wav,speech,1.0,train
speech/speech_01313_00007.wav,speech,1.0,train
speech/speech_01321_00000.wav,speech,1.0,train
speech/speech_01321_00001.wav,speech,1.0,train
speech/speech_01321_00002.wav,speech,1.0,train
speech/speech_01321_00003.wav,speech,1.0,train
speech/speech_01321_00004.wav,speech,1.0,train
speech/speech_01321_00005.wav,speech,1.0,train
speech/speech_01321_00006.wav,speech,1.0,train
speech/speech_01328_00000.wav,speech,1.0,train
speech/speech_01328_00001.wav,speech,1.0,train
speech/speech_01328_00002.wav,speech,1.0,train
speech/speech_01328_00003.wav,speech,1.0,train
speech/speech_01328_00004.wav,speech,1.0,train
speech/speech_01333_00000.wav,speech,1.0,train
speech/speech_01333_00001.wav,speech,1.0,train
speech/speech_01333_00002.wav,speech,1.0,train
speech/speech_01336_00000.wav,speech,1.0,train
speech/speech_01336_00001.wav,speech,1.0,train
speech/speech_01338_00000.wav,speech,1.0,train
speech/speech_01339_00000.wav,speech,1.0,train
speech/speech_01339_00001.wav,speech,1.0,train
speech/speech_01341_00000.wav,speech,1.0,train
speech/speech_01341_00001.wav,speech,1.0,train
speech/speech_01341_00002.wav,speech,1.0,train
speech/speech_01344_00000.wav,speech,1.0,train
speech/speech_01344_00001.wav,speech,1.0,train
speech/speech_01344_00002.wav,speech,1.0,train
speech/speech_01347_00000.wav,speech,1.0,train
speech/speech_01347_00001.wav,speech,1.0,train
speech/speech_01347_00002.wav,speech,1.0,train
speech/speech_01347_00003.wav,speech,1.0,train
speech/speech_01347_00004.wav,speech,1.0,train
speech/speech_01347_00005.wav,speech,1.0,train
speech/speech_01347_00006.wav,speech,1.0,train
speech/speech_01347_00007.wav,speech,1.0,train
speech/speech_01355_00000.wav,speech,1.0,train
speech/speech_01355_00001.wav,speech,1.0,train
speech/speech_01355_00002.wav,speech,1.0,train
speech/speech_01355_00003.wav,speech,1.0,train
speech/speech_01355_00004.wav,speech,1.0,train
speech/speech_01360_00000.wav,speech,1.0,train
speech/speech_01360_00001.wav,speech,1.0,train
speech/speech_01360_00002.wav,speech,1.0,train
speech/speech_01360_00003.wav,speech,1.0,train
speech/speech_01364_00000.wav,speech,1.0,train
speech/speech_01364_00001.wav,speech,1.0,train
speech/speech_01364_00002.wav,speech,1.0,train
speech/speech_01367_00000.wav,speech,1.0,train
speech/speech_01367_00001.wav,speech,1.0,train
speech/speech_01367_00002.wav,speech,1.0,train
speech/speech_01367_00003.wav,speech,1.0,train
speech/speech_01367_00004.wav,speech,1.0,train
speech/speech_01372_00000.wav,speech,1.0,train
speech/speech_01372_00001.wav,speech,1.0,train
speech/speech_01372_00002.wav,speech,1.0,train
speech/speech_01372_00003.wav,speech,1.0,train
speech/speech_01372_00004.wav,speech,1.0,train
speech/speech_01372_00005.wav,speech,1.0,train
speech/speech_01378_00000.wav,speech,1.0,train
speech/speech_01378_00001.wav,speech,1.0,train
speech/speech_01378_00002.wav,speech,1.0,train
speech/speech_01378_00003.wav,speech,1.0,train
speech/speech_01378_00004.wav,speech,1.0,train
speech/speech_01378_00005.wav,speech,1.0,train
speech/speech_01378_00006.wav,speech,1.0,train
speech/speech_01378_00007.wav,speech,1.0,train
speech/speech_01378_00008.wav,speech,1.0,train
speech/speech_01378_00009.wav,speech,1.0,train
speech/speech_01388_00000.wav,speech,1.0,train
speech/speech_01388_00001.wav,speech,1.0,train
speech/speech_01388_00002.wav,speech,1.0,train
speech/speech_01388_00003.wav,speech,1.0,train
speech/speech_01392_00000.wav,speech,1.0,train
speech/speech_01392_00001.wav,speech,1.0,train
speech/speech_01392_00002.wav,speech,1.0,train
speech/speech_01392_00003.wav,speech,1.0,train
speech/speech_01392_00004.wav,speech,1.0,train
speech/speech_01397_00000.wav,speech,1.0,train
speech/speech_01397_00001.wav,speech,1.0,train
speech/speech_01397_00002.wav,speech,1.0,train
speech/speech_01397_00003.wav,speech,1.0,train
speech/speech_01397_00004.wav,speech,1.0,train
speech/speech_01397_00005.wav,speech,1.0,train
speech/speech_01403_00000.wav,speech,1.0,train
speech/speech_01403_00001.wav,speech,1.0,train
speech/speech_01403_00002.wav,speech,1.0,train
speech/speech_01403_00003.wav,speech,1.0,train
speech/speech_01403_00004.wav,speech,1.0,train
speech/speech_01403_00005.wav,speech,1.0,train
speech/speech_01403_00006.wav,speech,1.0,train
speech/speech_01403_00007.wav,speech,1.0,train
speech/speech_01403_00008.wav,speech,1.0,train
speech/speech_01403_00009.wav,speech,1.0,train
speech/speech_01413_00000.wav,speech,1.0,train
speech/speech_01413_00001.wav,speech,1.0,train
speech/speech_01415_00000.wav,speech,1.0,train
speech/speech_01415_00001.wav,speech,1.0,train
speech/speech_01417_00000.wav,speech,1.0,train
speech/speech_01417_00001.wav,speech,1.0,train
speech/speech_01417_00002.wav,speech,1.0,train
speech/speech_01417_00003.wav,speech,1.0,train
speech/speech_01417_00004.wav,speech,1.0,train
speech/speech_01417_00005.wav,speech,1.0,train
speech/speech_01423_00000.wav,speech,1.0,train
speech/speech_01423_00001.wav,speech,1.0,train
speech/speech_01423_00002.wav,speech,1.0,train
speech/speech_01423_00003.wav,speech,1.0,train
speech/speech_01423_00004.wav,speech,1.0,train
speech/speech_01423_00005.wav,speech,1.0,train
speech/speech_01429_00000.wav,speech,1.0,train
speech/speech_01429_00001.wav,speech,1.0,train
speech/speech_01429_00002.wav,speech,1.0,train
speech/speech_01432_00000.wav,speech,1.0,train
speech/speech_01432_00001.wav,speech,1.0,train
speech/speech_01432_00002.wav,speech,1.0,train
speech/speech_01432_00003.wav,speech,1.0,train
speech/speech_01432_00004.wav,speech,1.0,train
speech/speech_01432_00005.wav,speech,1.0,train
speech/speech_01432_00006.wav,speech,1.0,train
speech/speech_01432_00007.wav,speech,1.0,train
speech/speech_01432_00008.wav,speech,1.0,train
speech/speech_01432_00009.wav,speech,1.0,train
speech/speech_01432_00010.wav,speech,1.0,train
speech/speech_01432_00011.wav,speech,1.0,train
speech/speech_01432_00012.wav,speech,1.0,train
speech/speech_01445_00000.wav,speech,1.0,train
speech/speech_01445_00001.wav,speech,1.0,train
speech/speech_01447_00000.wav,speech,1.0,train
speech/speech_01447_00001.wav,speech,1.0,train
speech/speech_01449_00000.wav,speech,1.0,train
speech/speech_01449_00001.wav,speech,1.0,train
speech/speech_01449_00002.wav,speech,1.0,train
speech/speech_01449_00003.wav,speech,1.0,train
speech/speech_01449_00004.wav,speech,1.0,train
speech/speech_01449_00005.wav,speech,1.0,train
speech/speech_01449_00006.wav,speech,1.0,train
speech/speech_01449_00007.wav,speech,1.0,train
speech/speech_01457_00000.wav,speech,1.0,train
speech/speech_01457_00001.wav,speech,1.0,train
speech/speech_01457_00002.wav,speech,1.0,train
speech/speech_01457_00003.wav,speech,1.0,train
speech/speech_01457_00004.wav,speech,1.0,train
speech/speech_01457_00005.wav,speech,1.0,train
speech/speech_01457_00006.wav,speech,1.0,train
speech/speech_01457_00007.wav,speech,1.0,train
speech/speech_01457_00008.wav,speech,1.0,train
speech/speech_01457_00009.wav,speech,1.0,train
speech/speech_01457_00010.wav,speech,1.0,train
speech/speech_01457_00011.wav,speech,1.0,train
speech/speech_01457_00012.wav,speech,1.0,train
speech/speech_01457_00013.wav,speech,1.0,train
speech/speech_01471_00000.wav,speech,1.0,train
speech/speech_01471_00001.wav,speech,1.0,train
speech/speech_01471_00002.wav,speech,1.0,train
speech/speech_01471_00003.wav,speech,1.0,train
speech/speech_01475_00000.wav,speech,1.0,train
speech/speech_01475_00001.wav,speech,1.0,train
speech/speech_01475_00002.wav,speech,1.0,train
speech/speech_01475_00003.wav,speech,1.0,train
speech/speech_01475_00004.wav,speech,1.0,train
speech/speech_01475_00005.wav,speech,1.0,train
speech/speech_01475_00006.wav,speech,1.0,train
speech/speech_01475_00007.wav,speech,1.0,train
speech/speech_01475_00008.wav,speech,1.0,train
speech/speech_01475_00009.wav,speech,1.0,train
speech/speech_01485_00000.wav,speech,1.0,train
speech/speech_01485_00001.wav,speech,1.0,train
speech/speech_01485_00002.wav,speech,1.0,train
speech/speech_01485_00003.wav,speech,1.0,train
speech/speech_01485_00004.wav,speech,1.0,train
speech/speech_01485_00005.wav,speech,1.0,train
speech/speech_01485_00006.wav,speech,1.0,train
speech/speech_01485_00007.wav,speech,1.0,train
speech/speech_01485_00008.wav,speech,1.0,train
speech/speech_01485_00009.wav,speech,1.0,train
speech/speech_01485_00010.wav,speech,1.0,train
speech/speech_01485_00011.wav,speech,1.0,train
speech/speech_01485_00012.wav,speech,1.0,train
speech/speech_01485_00013.wav,speech,1.0,train
speech/speech_01485_00014.wav,speech,1.0,train
speech/speech_01485_00015.wav,speech,1.0,train
speech/speech_01485_00016.wav,speech,1.0,train
speech/speech_01502_00000.wav,speech,1.0,train
speech/speech_01502_00001.wav,speech,1.0,train
speech/speech_01502_00002.wav,speech,1.0,train
speech/speech_01505_00000.wav,speech,1.0,train
speech/speech_01505_00001.wav,speech,1.0,train
speech/speech_01505_00002.wav,speech,1.0,train
speech/speech_01505_00003.wav,speech,1.0,train
speech/speech_01509_00000.wav,speech,1.0,train
speech/speech_01509_00001.wav,speech,1.0,train
speech/speech_01511_00000.wav,speech,1.0,train
speech/speech_01511_00001.wav,speech,1.0,train
speech/speech_01511_00002.wav,speech,1.0,train
speech/speech_01511_00003.wav,speech,1.0,train
speech/speech_01511_00004.wav,speech,1.0,train
speech/speech_01511_00005.wav,speech,1.0,train
speech/speech_01511_00006.wav,speech,1.0,train
speech/speech_01518_00000.wav,speech,1.0,train
speech/speech_01518_00001.wav,speech,1.0,train
speech/speech_01520_00000.wav,speech,1.0,train
speech/speech_01520_00001.wav,speech,1.0,train
speech/speech_01522_00000.wav,speech,1.0,train
speech/speech_01522_00001.wav,speech,1.0,train
speech/speech_01522_00002.wav,speech,1.0,train
speech/speech_01522_00003.wav,speech,1.0,train
speech/speech_01522_00004.wav,speech,1.0,train
speech/speech_01527_00000.wav,speech,1.0,train
speech/speech_01527_00001.wav,speech,1.0,train
speech/speech_01527_00002.wav,speech,1.0,train
speech/speech_01527_00003.wav,speech,1.0,train
speech/speech_01527_00004.wav,speech,1.0,train
speech/speech_01527_00005.wav,speech,1.0,train
speech/speech_01527_00006.wav,speech,1.0,train
speech/speech_01527_00007.wav,speech,1.0,train
speech/speech_01527_00008.wav,speech,1.0,train
speech/speech_01527_00009.wav,speech,1.0,train
speech/speech_01527_00010.wav,speech,1.0,train
speech/speech_01538_00000.wav,speech,1.0,train
speech/speech_01538_00001.wav,speech,1.0,train
speech/speech_01538_00002.wav,speech,1.0,train
speech/speech_01538_00003.wav,speech,1.0,train
speech/speech_01538_00004.wav,speech,1.0,train
speech/speech_01538_00005.wav,speech,1.0,train
speech/speech_01538_00006.wav,speech,1.0,train
speech/speech_01538_00007.wav,speech,1.0,train
speech/speech_01538_00008.wav,speech,1.0,train
speech/speech_01538_00009.wav,speech,1.0,train
speech/speech_01538_00010.wav,speech,1.0,train
speech/speech_01538_00011.wav,speech,1.0,train
speech/speech_01538_00012.wav,speech,1.0,train
speech/speech_01551_00000.wav,speech,1.0,train
speech/speech_01551_00001.wav,speech,1.0,train
speech/speech_01551_00002.wav,speech,1.0,train
speech/speech_01554_00000.wav,speech,1.0,train
speech/speech_01554_00001.wav,speech,1.0,train
speech/speech_01554_00002.wav,speech,1.0,train
speech/speech_01554_00003.wav,speech,1.0,train
speech/speech_01554_00004.wav,speech,1.0,train
speech/speech_01554_00005.wav,speech,1.0,train
speech/speech_01560_00000.wav,speech,1.0,train
speech/speech_01560_00001.wav,speech,1.0,train
speech/speech_01560_00002.wav,speech,1.0,train
speech/speech_01563_00000.wav,speech,1.0,train
speech/speech_01563_00001.wav,speech,1.0,train
speech/speech_01565_00000.wav,speech,1.0,train
speech/speech_01565_00001.wav,speech,1.0,train
speech/speech_01565_00002.wav,speech,1.0,train
speech/speech_01565_00003.wav,speech,1.0,train
speech/speech_01565_00004.wav,speech,1.0,train
speech/speech_01565_00005.wav,speech,1.0,train
speech/speech_01565_00006.wav,speech,1.0,train
speech/speech_01565_00007.wav,speech,1.0,train
speech/speech_01565_00008.wav,speech,1.0,train
speech/speech_01574_00000.wav,speech,1.0,train
speech/speech_01574_00001.wav,speech,1.0,train
speech/speech_01574_00002.wav,speech,1.0,train
speech/speech_01574_00003.wav,speech,1.0,train
speech/speech_01574_00004.wav,speech,1.0,train
speech/speech_01574_00005.wav,speech,1.0,train
speech/speech_01574_00006.wav,speech,1.0,train
speech/speech_01574_00007.wav,speech,1.0,train
speech/speech_01574_00008.wav,speech,1.0,train
speech/speech_01574_00009.wav,speech,1.0,train
speech/speech_01574_00010.wav,speech,1.0,train
speech/speech_01574_00011.wav,speech,1.0,train
speech/speech_01574_00012.wav,speech,1.0,train
speech/speech_01587_00000.wav,speech,1.0,train
speech/speech_01587_00001.wav,speech,1.0,train
speech/speech_01589_00000.wav,speech,1.0,train
speech/speech_01589_00001.wav,speech,1.0,train
speech/speech_01591_00000.wav,speech,1.0,train
speech/speech_01591_00001.wav,speech,1.0,train
speech/speech_01591_00002.wav,speech,1.0,train
speech/speech_01591_00003.wav,speech,1.0,train
speech/speech_01595_00000.wav,speech,1.0,train
speech/speech_01595_00001.wav,speech,1.0,train
speech/speech_01595_00002.wav,speech,1.0,train
speech/speech_01595_00003.wav,speech,1.0,train
speech/speech_01599_00000.wav,speech,1.0,train
speech/speech_01599_00001.wav,speech,1.0,val
speech/speech_01599_00002.wav,speech,1.0,val
speech/speech_01599_00003.wav,speech,1.0,val
speech/speech_01599_00004.wav,speech,1.0,val
speech/speech_01599_00005.wav,speech,1.0,val
speech/speech_01599_00006.wav,speech,1.0,val
speech/speech_01599_00007.wav,speech,1.0,val
speech/speech_01599_00008.wav,speech,1.0,val
speech/speech_01599_00009.wav,speech,1.0,val
speech/speech_01599_00010.wav,speech,1.0,val
speech/speech_01599_00011.wav,speech,1.0,val
speech/speech_01599_00012.wav,speech,1.0,val
speech/speech_01599_00013.wav,speech,1.0,val
speech/speech_01613_00000.wav,speech,1.0,val
speech/speech_01613_00001.wav,speech,1.0,val
speech/speech_01615_00000.wav,speech,1.0,val
speech/speech_01615_00001.wav,speech,1.0,val
speech/speech_01617_00000.wav,speech,1.0,val
speech/speech_01617_00001.wav,speech,1.0,val
speech/speech_01619_00000.wav,speech,1.0,val
speech/speech_01619_00001.wav,speech,1.0,val
speech/speech_01619_00002.wav,speech,1.0,val
speech/speech_01619_00003.wav,speech,1.0,val
speech/speech_01619_00004.wav,speech,1.0,val
speech/speech_01619_00005.wav,speech,1.0,val
speech/speech_01619_00006.wav,speech,1.0,val
speech/speech_01619_00007.wav,speech,1.0,val
speech/speech_01619_00008.wav,speech,1.0,val
speech/speech_01619_00009.wav,speech,1.0,val
speech/speech_01629_00000.wav,speech,1.0,val
speech/speech_01629_00001.wav,speech,1.0,val
speech/speech_01629_00002.wav,speech,1.0,val
speech/speech_01629_00003.wav,speech,1.0,val
speech/speech_01629_00004.wav,speech,1.0,val
speech/speech_01629_00005.wav,speech,1.0,val
speech/speech_01629_00006.wav,speech,1.0,val
speech/speech_01629_00007.wav,speech,1.0,val
speech/speech_01629_00008.wav,speech,1.0,val
speech/speech_01629_00009.wav,speech,1.0,val
speech/speech_01639_00000.wav,speech,1.0,val
speech/speech_01639_00001.wav,speech,1.0,val
speech/speech_01639_00002.wav,speech,1.0,val
speech/speech_01639_00003.wav,speech,1.0,val
speech/speech_01639_00004.wav,speech,1.0,val
speech/speech_01639_00005.wav,speech,1.0,val
speech/speech_01639_00006.wav,speech,1.0,val
speech/speech_01639_00007.wav,speech,1.0,val
speech/speech_01639_00008.wav,speech,1.0,val
speech/speech_01639_00009.wav,speech,1.0,val
speech/speech_01649_00000.wav,speech,1.0,val
speech/speech_01649_00001.wav,speech,1.0,val
speech/speech_01649_00002.wav,speech,1.0,val
speech/speech_01649_00003.wav,speech,1.0,val
speech/speech_01649_00004.wav,speech,1.0,val
speech/speech_01649_00005.wav,speech,1.0,val
speech/speech_01649_00006.wav,speech,1.0,val
speech/speech_01649_00007.wav,speech,1.0,val
speech/speech_01649_00008.wav,speech,1.0,val
speech/speech_01649_00009.wav,speech,1.0,val
speech/speech_01649_00010.wav,speech,1.0,val
speech/speech_01649_00011.wav,speech,1.0,val
speech/speech_01661_00000.wav,speech,1.0,val
speech/speech_01661_00001.wav,speech,1.0,val
speech/speech_01661_00002.wav,speech,1.0,val
speech/speech_01661_00003.wav,speech,1.0,val
speech/speech_01661_00004.wav,speech,1.0,val
speech/speech_01661_00005.wav,speech,1.0,val
speech/speech_01667_00000.wav,speech,1.0,val
speech/speech_01667_00001.wav,speech,1.0,val
speech/speech_01667_00002.wav,speech,1.0,val
speech/speech_01667_00003.wav,speech,1.0,val
speech/speech_01671_00000.wav,speech,1.0,val
speech/speech_01671_00001.wav,speech,1.0,val
speech/speech_01671_00002.wav,speech,1.0,val
speech/speech_01671_00003.wav,speech,1.0,val
speech/speech_01671_00004.wav,speech,1.0,val
speech/speech_01671_00005.wav,speech,1.0,val
speech/speech_01671_00006.wav,speech,1.0,val
speech/speech_01671_00007.wav,speech,1.0,val
speech/speech_01671_00008.wav,speech,1.0,val
speech/speech_01671_00009.wav,speech,1.0,val
speech/speech_01671_00010.wav,speech,1.0,val
speech/speech_01671_00011.wav,speech,1.0,val
speech/speech_01671_00012.wav,speech,1.0,val
speech/speech_01671_00013.wav,speech,1.0,val
speech/speech_01671_00014.wav,speech,1.0,val
speech/speech_01671_00015.wav,speech,1.0,val
speech/speech_01671_00016.wav,speech,1.0,val
speech/speech_01671_00017.wav,speech,1.0,val
speech/speech_01671_00018.wav,speech,1.0,val
speech/speech_01671_00019.wav,speech,1.0,val
speech/speech_01671_00020.wav,speech,1.0,val
speech/speech_01671_00021.wav,speech,1.0,val
speech/speech_01671_00022.wav,speech,1.0,val
speech/speech_01671_00023.wav,speech,1.0,val
speech/speech_01671_00024.wav,speech,1.0,val
speech/speech_01671_00025.wav,speech,1.0,val
speech/speech_01671_00026.wav,speech,1.0,val
speech/speech_01671_00027.wav,speech,1.0,val
speech/speech_01699_00000.wav,speech,1.0,val
speech/speech_01699_00001.wav,speech,1.0,val
speech/speech_01699_00002.wav,speech,1.0,val
speech/speech_01699_00003.wav,speech,1.0,val
speech/speech_01699_00004.wav,speech,1.0,val
speech/speech_01699_00005.wav,speech,1.0,val
speech/speech_01699_00006.wav,speech,1.0,val
speech/speech_01699_00007.wav,speech,1.0,val
speech/speech_01699_00008.wav,speech,1.0,val
speech/speech_01699_00009.wav,speech,1.0,val
speech/speech_01699_00010.wav,speech,1.0,val
speech/speech_01699_00011.wav,speech,1.0,val
speech/speech_01699_00012.wav,speech,1.0,val
speech/speech_01699_00013.wav,speech,1.0,val
speech/speech_01699_00014.wav,speech,1.0,val
speech/speech_01699_00015.wav,speech,1.0,val
speech/speech_01715_00000.wav,speech,1.0,val
speech/speech_01715_00001.wav,speech,1.0,val
speech/speech_01715_00002.wav,speech,1.0,val
speech/speech_01715_00003.wav,speech,1.0,val
speech/speech_01715_00004.wav,speech,1.0,val
speech/speech_01715_00005.wav,speech,1.0,val
speech/speech_01715_00006.wav,speech,1.0,val
speech/speech_01715_00007.wav,speech,1.0,val
speech/speech_01715_00008.wav,speech,1.0,val
speech/speech_01715_00009.wav,speech,1.0,val
speech/speech_01715_00010.wav,speech,1.0,val
speech/speech_01726_00000.wav,speech,1.0,val
speech/speech_01726_00001.wav,speech,1.0,val
speech/speech_01726_00002.wav,speech,1.0,val
speech/speech_01729_00000.wav,speech,1.0,val
speech/speech_01729_00001.wav,speech,1.0,val
speech/speech_01729_00002.wav,speech,1.0,val
speech/speech_01729_00003.wav,speech,1.0,val
speech/speech_01729_00004.wav,speech,1.0,val
speech/speech_01729_00005.wav,speech,1.0,val
speech/speech_01729_00006.wav,speech,1.0,val
speech/speech_01729_00007.wav,speech,1.0,val
speech/speech_01729_00008.wav,speech,1.0,val
speech/speech_01729_00009.wav,speech,1.0,val
speech/speech_01729_00010.wav,speech,1.0,val
speech/speech_01740_00000.wav,speech,1.0,val
speech/speech_01740_00001.wav,speech,1.0,val
speech/speech_01740_00002.wav,speech,1.0,val
speech/speech_01740_00003.wav,speech,1.0,val
speech/speech_01740_00004.wav,speech,1.0,val
speech/speech_01740_00005.wav,speech,1.0,val
speech/speech_01740_00006.wav,speech,1.0,val
speech/speech_01740_00007.wav,speech,1.0,val
speech/speech_01740_00008.wav,speech,1.0,val
speech/speech_01740_00009.wav,speech,1.0,val
speech/speech_01740_00010.wav,speech,1.0,val
speech/speech_01740_00011.wav,speech,1.0,val
speech/speech_01740_00012.wav,speech,1.0,val
speech/speech_01753_00000.wav,speech,1.0,val
speech/speech_01753_00001.wav,speech,1.0,val
speech/speech_01755_00000.wav,speech,1.0,val
speech/speech_01755_00001.wav,speech,1.0,val
speech/speech_01755_00002.wav,speech,1.0,val
speech/speech_01755_00003.wav,speech,1.0,val
speech/speech_01755_00004.wav,speech,1.0,val
speech/speech_01755_00005.wav,speech,1.0,val
speech/speech_01755_00006.wav,speech,1.0,val
speech/speech_01755_00007.wav,speech,1.0,val
speech/speech_01755_00008.wav,speech,1.0,val
speech/speech_01764_00000.wav,speech,1.0,val
speech/speech_01764_00001.wav,speech,1.0,val
speech/speech_01766_00000.wav,speech,1.0,val
speech/speech_01766_00001.wav,speech,1.0,val
speech/speech_01766_00002.wav,speech,1.0,val
speech/speech_01766_00003.wav,speech,1.0,val
speech/speech_01770_00000.wav,speech,1.0,val
speech/speech_01770_00001.wav,speech,1.0,val
speech/speech_01770_00002.wav,speech,1.0,val
speech/speech_01770_00003.wav,speech,1.0,val
speech/speech_01770_00004.wav,speech,1.0,val
speech/speech_01770_00005.wav,speech,1.0,val
speech/speech_01770_00006.wav,speech,1.0,val
speech/speech_01777_00000.wav,speech,1.0,val
speech/speech_01777_00001.wav,speech,1.0,val
speech/speech_01777_00002.wav,speech,1.0,val
speech/speech_01777_00003.wav,speech,1.0,val
speech/speech_01777_00004.wav,speech,1.0,val
speech/speech_01777_00005.wav,speech,1.0,val
speech/speech_01777_00006.wav,speech,1.0,val
speech/speech_01784_00000.wav,speech,1.0,val
speech/speech_01784_00001.wav,speech,1.0,val
speech/speech_01784_00002.wav,speech,1.0,val
speech/speech_01787_00000.wav,speech,1.0,val
speech/speech_01787_00001.wav,speech,1.0,val
speech/speech_01787_00002.wav,speech,1.0,val
speech/speech_01787_00003.wav,speech,1.0,val
speech/speech_01787_00004.wav,speech,1.0,val
speech/speech_01792_00000.wav,speech,1.0,val
speech/speech_01792_00001.wav,speech,1.0,val
speech/speech_01792_00002.wav,speech,1.0,val
speech/speech_01792_00003.wav,speech,1.0,val
speech/speech_01792_00004.wav,speech,1.0,val
speech/speech_01797_00000.wav,speech,1.0,val
speech/speech_01797_00001.wav,speech,1.0,val
speech/speech_01799_00000.wav,speech,1.0,val
speech/speech_01799_00001.wav,speech,1.0,test
speech/speech_01799_00002.wav,speech,1.0,test
speech/speech_01799_00003.wav,speech,1.0,test
speech/speech_01803_00000.wav,speech,1.0,test
speech/speech_01803_00001.wav,speech,1.0,test
speech/speech_01803_00002.wav,speech,1.0,test
speech/speech_01803_00003.wav,speech,1.0,test
speech/speech_01803_00004.wav,speech,1.0,test
speech/speech_01808_00000.wav,speech,1.0,test
speech/speech_01808_00001.wav,speech,1.0,test
speech/speech_01808_00002.wav,speech,1.0,test
speech/speech_01808_00003.wav,speech,1.0,test
speech/speech_01812_00000.wav,speech,1.0,test
speech/speech_01812_00001.wav,speech,1.0,test
speech/speech_01812_00002.wav,speech,1.0,test
speech/speech_01812_00003.wav,speech,1.0,test
speech/speech_01812_00004.wav,speech,1.0,test
speech/speech_01812_00005.wav,speech,1.0,test
speech/speech_01812_00006.wav,speech,1.0,test
speech/speech_01812_00007.wav,speech,1.0,test
speech/speech_01812_00008.wav,speech,1.0,test
speech/speech_01812_00009.wav,speech,1.0,test
speech/speech_01822_00000.wav,speech,1.0,test
speech/speech_01822_00001.wav,speech,1.0,test
speech/speech_01822_00002.wav,speech,1.0,test
speech/speech_01822_00003.wav,speech,1.0,test
speech/speech_01826_00000.wav,speech,1.0,test
speech/speech_01826_00001.wav,speech,1.0,test
speech/speech_01828_00000.wav,speech,1.0,test
speech/speech_01828_00001.wav,speech,1.0,test
speech/speech_01828_00002.wav,speech,1.0,test
speech/speech_01828_00003.wav,speech,1.0,test
speech/speech_01828_00004.wav,speech,1.0,test
speech/speech_01828_00005.wav,speech,1.0,test
speech/speech_01828_00006.wav,speech,1.0,test
speech/speech_01835_00000.wav,speech,1.0,test
speech/speech_01835_00001.wav,speech,1.0,test
speech/speech_01835_00002.wav,speech,1.0,test
speech/speech_01835_00003.wav,speech,1.0,test
speech/speech_01839_00000.wav,speech,1.0,test
speech/speech_01839_00001.wav,speech,1.0,test
speech/speech_01841_00000.wav,speech,1.0,test
speech/speech_01841_00001.wav,speech,1.0,test
speech/speech_01841_00002.wav,speech,1.0,test
speech/speech_01841_00003.wav,speech,1.0,test
speech/speech_01841_00004.wav,speech,1.0,test
speech/speech_01841_00005.wav,speech,1.0,test
speech/speech_01841_00006.wav,speech,1.0,test
speech/speech_01841_00007.wav,speech,1.0,test
speech/speech_01841_00008.wav,speech,1.0,test
speech/speech_01841_00009.wav,speech,1.0,test
speech/speech_01851_00000.wav,speech,1.0,test
speech/speech_01851_00001.wav,speech,1.0,test
speech/speech_01851_00002.wav,speech,1.0,test
speech/speech_01851_00003.wav,speech,1.0,test
speech/speech_01855_00000.wav,speech,1.0,test
speech/speech_01855_00001.wav,speech,1.0,test
speech/speech_01855_00002.wav,speech,1.0,test
speech/speech_01855_00003.wav,speech,1.0,test
speech/speech_01855_00004.wav,speech,1.0,test
speech/speech_01855_00005.wav,speech,1.0,test
speech/speech_01855_00006.wav,speech,1.0,test
speech/speech_01855_00007.wav,speech,1.0,test
speech/speech_01863_00000.wav,speech,1.0,test
speech/speech_01863_00001.wav,speech,1.0,test
speech/speech_01865_00000.wav,speech,1.0,test
speech/speech_01865_00001.wav,speech,1.0,test
speech/speech_01867_00000.wav,speech,1.0,test
speech/speech_01867_00001.wav,speech,1.0,test
speech/speech_01867_00002.wav,speech,1.0,test
speech/speech_01867_00003.wav,speech,1.0,test
speech/speech_01871_00000.wav,speech,1.0,test
speech/speech_01871_00001.wav,speech,1.0,test
speech/speech_01871_00002.wav,speech,1.0,test
speech/speech_01871_00003.wav,speech,1.0,test
speech/speech_01871_00004.wav,speech,1.0,test
speech/speech_01871_00005.wav,speech,1.0,test
speech/speech_01871_00006.wav,speech,1.0,test
speech/speech_01871_00007.wav,speech,1.0,test
speech/speech_01871_00008.wav,speech,1.0,test
speech/speech_01871_00009.wav,speech,1.0,test
speech/speech_01871_00010.wav,speech,1.0,test
speech/speech_01871_00011.wav,speech,1.0,test
speech/speech_01871_00012.wav,speech,1.0,test
speech/speech_01871_00013.wav,speech,1.0,test
speech/speech_01871_00014.wav,speech,1.0,test
speech/speech_01871_00015.wav,speech,1.0,test
speech/speech_01887_00000.wav,speech,1.0,test
speech/speech_01887_00001.wav,speech,1.0,test
speech/speech_01887_00002.wav,speech,1.0,test
speech/speech_01887_00003.wav,speech,1.0,test
speech/speech_01887_00004.wav,speech,1.0,test
speech/speech_01892_00000.wav,speech,1.0,test
speech/speech_01892_00001.wav,speech,1.0,test
speech/speech_01892_00002.wav,speech,1.0,test
speech/speech_01892_00003.wav,speech,1.0,test
speech/speech_01892_00004.wav,speech,1.0,test
speech/speech_01892_00005.wav,speech,1.0,test
speech/speech_01892_00006.wav,speech,1.0,test
speech/speech_01899_00000.wav,speech,1.0,test
speech/speech_01899_00001.wav,speech,1.0,test
speech/speech_01899_00002.wav,speech,1.0,test
speech/speech_01899_00003.wav,speech,1.0,test
speech/speech_01899_00004.wav,speech,1.0,test
speech/speech_01899_00005.wav,speech,1.0,test
speech/speech_01905_00000.wav,speech,1.0,test
speech/speech_01905_00001.wav,speech,1.0,test
speech/speech_01905_00002.wav,speech,1.0,test
speech/speech_01905_00003.wav,speech,1.0,test
speech/speech_01905_00004.wav,speech,1.0,test
speech/speech_01905_00005.wav,speech,1.0,test
speech/speech_01905_00006.wav,speech,1.0,test
speech/speech_01905_00007.wav,speech,1.0,test
speech/speech_01905_00008.wav,speech,1.0,test
speech/speech_01905_00009.wav,speech,1.0,test
speech/speech_01905_00010.wav,speech,1.0,test
speech/speech_01916_00000.wav,speech,1.0,test
speech/speech_01916_00001.wav,speech,1.0,test
speech/speech_01916_00002.wav,speech,1.0,test
speech/speech_01916_00003.wav,speech,1.0,test
speech/speech_01916_00004.wav,speech,1.0,test
speech/speech_01916_00005.wav,speech,1.0,test
speech/speech_01916_00006.wav,speech,1.0,test
speech/speech_01916_00007.wav,speech,1.0,test
speech/speech_01916_00008.wav,speech,1.0,test
speech/speech_01916_00009.wav,speech,1.0,test
speech/speech_01916_00010.wav,speech,1.0,test
speech/speech_01916_00011.wav,speech,1.0,test
speech/speech_01916_00012.wav,speech,1.0,test
speech/speech_01916_00013.wav,speech,1.0,test
speech/speech_01930_00000.wav,speech,1.0,test
speech/speech_01930_00001.wav,speech,1.0,test
speech/speech_01930_00002.wav,speech,1.0,test
speech/speech_01930_00003.wav,speech,1.0,test
speech/speech_01930_00004.wav,speech,1.0,test
speech/speech_01930_00005.wav,speech,1.0,test
speech/speech_01930_00006.wav,speech,1.0,test
speech/speech_01937_00000.wav,speech,1.0,test
speech/speech_01937_00001.wav,speech,1.0,test
speech/speech_01939_00000.wav,speech,1.0,test
speech/speech_01939_00001.wav,speech,1.0,test
speech/speech_01939_00002.wav,speech,1.0,test
speech/speech_01942_00000.wav,speech,1.0,test
speech/speech_01942_00001.wav,speech,1.0,test
speech/speech_01942_00002.wav,speech,1.0,test
speech/speech_01942_00003.wav,speech,1.0,test
speech/speech_01942_00004.wav,speech,1.0,test
speech/speech_01942_00005.wav,speech,1.0,test
speech/speech_01942_00006.wav,speech,1.0,test
speech/speech_01942_00007.wav,speech,1.0,test
speech/speech_01942_00008.wav,speech,1.0,test
speech/speech_01951_00000.wav,speech,1.0,test
speech/speech_01951_00001.wav,speech,1.0,test
speech/speech_01951_00002.wav,speech,1.0,test
speech/speech_01954_00000.wav,speech,1.0,test
speech/speech_01954_00001.wav,speech,1.0,test
speech/speech_01954_00002.wav,speech,1.0,test
speech/speech_01954_00003.wav,speech,1.0,test
speech/speech_01954_00004.wav,speech,1.0,test
speech/speech_01954_00005.wav,speech,1.0,test
speech/speech_01954_00006.wav,speech,1.0,test
speech/speech_01954_00007.wav,speech,1.0,test
speech/speech_01954_00008.wav,speech,1.0,test
speech/speech_01954_00009.wav,speech,1.0,test
speech/speech_01964_00000.wav,speech,1.0,test
speech/speech_01964_00001.wav,speech,1.0,test
speech/speech_01964_00002.wav,speech,1.0,test
speech/speech_01964_00003.wav,speech,1.0,test
speech/speech_01968_00000.wav,speech,1.0,test
speech/speech_01968_00001.wav,speech,1.0,test
speech/speech_01968_00002.wav,speech,1.0,test
speech/speech_01968_00003.wav,speech,1.0,test
speech/speech_01968_00004.wav,speech,1.0,test
speech/speech_01968_00005.wav,speech,1.0,test
speech/speech_01968_00006.wav,speech,1.0,test
speech/speech_01968_00007.wav,speech,1.0,test
speech/speech_01976_00000.wav,speech,1.0,test
speech/speech_01976_00001.wav,speech,1.0,test
speech/speech_01976_00002.wav,speech,1.0,test
speech/speech_01976_00003.wav,speech,1.0,test
speech/speech_01976_00004.wav,speech,1.0,test
speech/speech_01976_00005.wav,speech,1.0,test
speech/speech_01976_00006.wav,speech,1.0,test
speech/speech_01976_00007.wav,speech,1.0,test
speech/speech_01984_00000.wav,speech,1.0,test
speech/speech_01984_00001.wav,speech,1.0,test
speech/speech_01984_00002.wav,speech,1.0,test
speech/speech_01984_00003.wav,speech,1.0,test
speech/speech_01984_00004.wav,speech,1.0,test
speech/speech_01989_00000.wav,speech,1.0,test
speech/speech_01989_00001.wav,speech,1.0,test
speech/speech_01989_00002.wav,speech,1.0,test
speech/speech_01989_00003.wav,speech,1.0,test
speech/speech_01989_00004.wav,speech,1.0,test
speech/speech_01989_00005.wav,speech,1.0,test
speech/speech_01995_00000.wav,speech,1.0,test
speech/speech_01995_00001.wav,speech,1.0,test
speech/speech_01997_00000.wav,speech,1.0,test
speech/speech_01997_00001.wav,speech,1.0,test
speech/speech_01997_00002.wav,speech,1.0,test
